image_path,gt,score_cat,score_dog,score_bird
/mnt/d/dev_repos/dev_ir_result_analysis/data/images/image_0000.png,cat,0.8653,0.0591,0.0756
/mnt/d/dev_repos/dev_ir_result_analysis/data/images/image_0001.png,cat,0.8876,0.0784,0.034
/mnt/d/dev_repos/dev_ir_result_analysis/data/images/image_0002.png,cat,0.7525,0.2415,0.006
/mnt/d/dev_repos/dev_ir_result_analysis/data/images/image_0003.png,cat,0.8564,0.1129,0.0307
/mnt/d/dev_repos/dev_ir_result_analysis/data/images/image_0004.png,cat,0.8492,0.0679,0.0829
/mnt/d/dev_repos/dev_ir_result_analysis/data/images/image_0005.png,cat,0.8939,0.0983,0.0078
/mnt/d/dev_repos/dev_ir_result_analysis/data/images/image_0006.png,cat,0.8533,0.1207,0.026
/mnt/d/dev_repos/dev_ir_result_analysis/data/images/image_0007.png,cat,0.8733,0.0288,0.0979
/mnt/d/dev_repos/dev_ir_result_analysis/data/images/image_0008.png,cat,0.8684,0.0084,0.1232
/mnt/d/dev_repos/dev_ir_result_analysis/data/images/image_0009.png,cat,0.8939,0.067,0.0391
/mnt/d/dev_repos/dev_ir_result_analysis/data/images/image_0010.png,cat,0.8407,0.0565,0.1028
/mnt/d/dev_repos/dev_ir_result_analysis/data/images/image_0011.png,cat,0.9111,0.0794,0.0095
/mnt/d/dev_repos/dev_ir_result_analysis/data/images/image_0012.png,cat,0.8285,0.0334,0.1381
/mnt/d/dev_repos/dev_ir_result_analysis/data/images/image_0013.png,cat,0.8766,0.0054,0.118
/mnt/d/dev_repos/dev_ir_result_analysis/data/images/image_0014.png,cat,0.8706,0.0884,0.041
/mnt/d/dev_repos/dev_ir_result_analysis/data/images/image_0015.png,cat,0.9571,0.0415,0.0014
/mnt/d/dev_repos/dev_ir_result_analysis/data/images/image_0016.png,cat,0.8243,0.0651,0.1106
/mnt/d/dev_repos/dev_ir_result_analysis/data/images/image_0017.png,cat,0.8808,0.0226,0.0966
/mnt/d/dev_repos/dev_ir_result_analysis/data/images/image_0018.png,cat,0.8443,0.0741,0.0816
/mnt/d/dev_repos/dev_ir_result_analysis/data/images/image_0019.png,cat,0.8088,0.1281,0.0631
/mnt/d/dev_repos/dev_ir_result_analysis/data/images/image_0020.png,cat,0.8871,0.094,0.0189
/mnt/d/dev_repos/dev_ir_result_analysis/data/images/image_0021.png,cat,0.7915,0.0651,0.1434
/mnt/d/dev_repos/dev_ir_result_analysis/data/images/image_0022.png,cat,0.8167,0.1475,0.0358
/mnt/d/dev_repos/dev_ir_result_analysis/data/images/image_0023.png,cat,0.8558,0.0416,0.1026
/mnt/d/dev_repos/dev_ir_result_analysis/data/images/image_0024.png,cat,0.8935,0.0149,0.0916
/mnt/d/dev_repos/dev_ir_result_analysis/data/images/image_0025.png,cat,0.8839,0.0009,0.1152
/mnt/d/dev_repos/dev_ir_result_analysis/data/images/image_0026.png,cat,0.8645,0.0901,0.0454
/mnt/d/dev_repos/dev_ir_result_analysis/data/images/image_0027.png,cat,0.7771,0.174,0.0489
/mnt/d/dev_repos/dev_ir_result_analysis/data/images/image_0028.png,cat,0.8265,0.0987,0.0748
/mnt/d/dev_repos/dev_ir_result_analysis/data/images/image_0029.png,cat,0.8362,0.0188,0.145
/mnt/d/dev_repos/dev_ir_result_analysis/data/images/image_0030.png,cat,0.8067,0.0911,0.1022
/mnt/d/dev_repos/dev_ir_result_analysis/data/images/image_0031.png,cat,0.7659,0.1791,0.055
/mnt/d/dev_repos/dev_ir_result_analysis/data/images/image_0032.png,cat,0.8582,0.0785,0.0633
/mnt/d/dev_repos/dev_ir_result_analysis/data/images/image_0033.png,cat,0.8855,0.0348,0.0797
/mnt/d/dev_repos/dev_ir_result_analysis/data/images/image_0034.png,cat,0.8326,0.0731,0.0943
/mnt/d/dev_repos/dev_ir_result_analysis/data/images/image_0035.png,cat,0.8929,0.0438,0.0633
/mnt/d/dev_repos/dev_ir_result_analysis/data/images/image_0036.png,cat,0.7862,0.05,0.1638
/mnt/d/dev_repos/dev_ir_result_analysis/data/images/image_0037.png,cat,0.8041,0.0551,0.1408
/mnt/d/dev_repos/dev_ir_result_analysis/data/images/image_0038.png,cat,0.8571,0.0946,0.0483
/mnt/d/dev_repos/dev_ir_result_analysis/data/images/image_0039.png,cat,0.8287,0.1343,0.037
/mnt/d/dev_repos/dev_ir_result_analysis/data/images/image_0040.png,cat,0.8813,0.0482,0.0705
/mnt/d/dev_repos/dev_ir_result_analysis/data/images/image_0041.png,cat,0.8729,0.0212,0.1059
/mnt/d/dev_repos/dev_ir_result_analysis/data/images/image_0042.png,cat,0.8319,0.0151,0.153
/mnt/d/dev_repos/dev_ir_result_analysis/data/images/image_0043.png,cat,0.7902,0.0969,0.1129
/mnt/d/dev_repos/dev_ir_result_analysis/data/images/image_0044.png,cat,0.8265,0.0869,0.0866
/mnt/d/dev_repos/dev_ir_result_analysis/data/images/image_0045.png,cat,0.874,0.0877,0.0383
/mnt/d/dev_repos/dev_ir_result_analysis/data/images/image_0046.png,cat,0.8832,0.0445,0.0723
/mnt/d/dev_repos/dev_ir_result_analysis/data/images/image_0047.png,cat,0.8288,0.1079,0.0633
/mnt/d/dev_repos/dev_ir_result_analysis/data/images/image_0048.png,cat,0.7657,0.0205,0.2138
/mnt/d/dev_repos/dev_ir_result_analysis/data/images/image_0049.png,cat,0.7839,0.2079,0.0082
/mnt/d/dev_repos/dev_ir_result_analysis/data/images/image_0050.png,cat,0.87,0.091,0.039
/mnt/d/dev_repos/dev_ir_result_analysis/data/images/image_0051.png,cat,0.8311,0.1637,0.0052
/mnt/d/dev_repos/dev_ir_result_analysis/data/images/image_0052.png,cat,0.8322,0.1203,0.0475
/mnt/d/dev_repos/dev_ir_result_analysis/data/images/image_0053.png,cat,0.8034,0.0535,0.1431
/mnt/d/dev_repos/dev_ir_result_analysis/data/images/image_0054.png,cat,0.8025,0.1783,0.0192
/mnt/d/dev_repos/dev_ir_result_analysis/data/images/image_0055.png,cat,0.892,0.0219,0.0861
/mnt/d/dev_repos/dev_ir_result_analysis/data/images/image_0056.png,cat,0.8717,0.0743,0.054
/mnt/d/dev_repos/dev_ir_result_analysis/data/images/image_0057.png,cat,0.8203,0.1539,0.0258
/mnt/d/dev_repos/dev_ir_result_analysis/data/images/image_0058.png,cat,0.8536,0.1053,0.0411
/mnt/d/dev_repos/dev_ir_result_analysis/data/images/image_0059.png,cat,0.8616,0.0868,0.0516
/mnt/d/dev_repos/dev_ir_result_analysis/data/images/image_0060.png,cat,0.9301,0.0454,0.0245
/mnt/d/dev_repos/dev_ir_result_analysis/data/images/image_0061.png,cat,0.7988,0.0837,0.1175
/mnt/d/dev_repos/dev_ir_result_analysis/data/images/image_0062.png,cat,0.861,0.0687,0.0703
/mnt/d/dev_repos/dev_ir_result_analysis/data/images/image_0063.png,cat,0.8918,0.0156,0.0926
/mnt/d/dev_repos/dev_ir_result_analysis/data/images/image_0064.png,cat,0.9231,0.0452,0.0317
/mnt/d/dev_repos/dev_ir_result_analysis/data/images/image_0065.png,cat,0.818,0.1684,0.0136
/mnt/d/dev_repos/dev_ir_result_analysis/data/images/image_0066.png,cat,0.8305,0.0588,0.1107
/mnt/d/dev_repos/dev_ir_result_analysis/data/images/image_0067.png,cat,0.8818,0.0027,0.1155
/mnt/d/dev_repos/dev_ir_result_analysis/data/images/image_0068.png,cat,0.7765,0.1078,0.1157
/mnt/d/dev_repos/dev_ir_result_analysis/data/images/image_0069.png,cat,0.8657,0.0111,0.1232
/mnt/d/dev_repos/dev_ir_result_analysis/data/images/image_0070.png,cat,0.9499,0.0246,0.0255
/mnt/d/dev_repos/dev_ir_result_analysis/data/images/image_0071.png,cat,0.8707,0.0739,0.0554
/mnt/d/dev_repos/dev_ir_result_analysis/data/images/image_0072.png,cat,0.7434,0.0685,0.1881
/mnt/d/dev_repos/dev_ir_result_analysis/data/images/image_0073.png,cat,0.8093,0.0993,0.0914
/mnt/d/dev_repos/dev_ir_result_analysis/data/images/image_0074.png,cat,0.8194,0.0039,0.1767
/mnt/d/dev_repos/dev_ir_result_analysis/data/images/image_0075.png,cat,0.9033,0.0867,0.01
/mnt/d/dev_repos/dev_ir_result_analysis/data/images/image_0076.png,cat,0.8421,0.0875,0.0704
/mnt/d/dev_repos/dev_ir_result_analysis/data/images/image_0077.png,cat,0.7663,0.1571,0.0766
/mnt/d/dev_repos/dev_ir_result_analysis/data/images/image_0078.png,cat,0.8473,0.111,0.0417
/mnt/d/dev_repos/dev_ir_result_analysis/data/images/image_0079.png,cat,0.8565,0.0155,0.128
/mnt/d/dev_repos/dev_ir_result_analysis/data/images/image_0080.png,cat,0.825,0.0403,0.1347
/mnt/d/dev_repos/dev_ir_result_analysis/data/images/image_0081.png,cat,0.8017,0.11,0.0883
/mnt/d/dev_repos/dev_ir_result_analysis/data/images/image_0082.png,cat,0.9564,0.0362,0.0074
/mnt/d/dev_repos/dev_ir_result_analysis/data/images/image_0083.png,cat,0.8919,0.0343,0.0738
/mnt/d/dev_repos/dev_ir_result_analysis/data/images/image_0084.png,cat,0.8966,0.0301,0.0733
/mnt/d/dev_repos/dev_ir_result_analysis/data/images/image_0085.png,cat,0.8422,0.0404,0.1174
/mnt/d/dev_repos/dev_ir_result_analysis/data/images/image_0086.png,cat,0.8172,0.0301,0.1527
/mnt/d/dev_repos/dev_ir_result_analysis/data/images/image_0087.png,cat,0.8272,0.0752,0.0976
/mnt/d/dev_repos/dev_ir_result_analysis/data/images/image_0088.png,cat,0.7861,0.1907,0.0232
/mnt/d/dev_repos/dev_ir_result_analysis/data/images/image_0089.png,cat,0.9289,0.0633,0.0078
/mnt/d/dev_repos/dev_ir_result_analysis/data/images/image_0090.png,cat,0.8441,0.0809,0.075
/mnt/d/dev_repos/dev_ir_result_analysis/data/images/image_0091.png,cat,0.9153,0.0654,0.0193
/mnt/d/dev_repos/dev_ir_result_analysis/data/images/image_0092.png,cat,0.8295,0.0637,0.1068
/mnt/d/dev_repos/dev_ir_result_analysis/data/images/image_0093.png,cat,0.8714,0.096,0.0326
/mnt/d/dev_repos/dev_ir_result_analysis/data/images/image_0094.png,cat,0.8592,0.1319,0.0089
/mnt/d/dev_repos/dev_ir_result_analysis/data/images/image_0095.png,cat,0.7816,0.0268,0.1916
/mnt/d/dev_repos/dev_ir_result_analysis/data/images/image_0096.png,cat,0.9362,0.0098,0.054
/mnt/d/dev_repos/dev_ir_result_analysis/data/images/image_0097.png,cat,0.8308,0.1014,0.0678
/mnt/d/dev_repos/dev_ir_result_analysis/data/images/image_0098.png,cat,0.7947,0.0637,0.1416
/mnt/d/dev_repos/dev_ir_result_analysis/data/images/image_0099.png,cat,0.8822,0.1145,0.0033
/mnt/d/dev_repos/dev_ir_result_analysis/data/images/image_0100.png,cat,0.8498,0.0216,0.1286
/mnt/d/dev_repos/dev_ir_result_analysis/data/images/image_0101.png,cat,0.8669,0.0306,0.1025
/mnt/d/dev_repos/dev_ir_result_analysis/data/images/image_0102.png,cat,0.8545,0.0986,0.0469
/mnt/d/dev_repos/dev_ir_result_analysis/data/images/image_0103.png,cat,0.7474,0.1279,0.1247
/mnt/d/dev_repos/dev_ir_result_analysis/data/images/image_0104.png,cat,0.8078,0.1117,0.0805
/mnt/d/dev_repos/dev_ir_result_analysis/data/images/image_0105.png,cat,0.8061,0.1559,0.038
/mnt/d/dev_repos/dev_ir_result_analysis/data/images/image_0106.png,cat,0.8958,0.077,0.0272
/mnt/d/dev_repos/dev_ir_result_analysis/data/images/image_0107.png,cat,0.8515,0.0184,0.1301
/mnt/d/dev_repos/dev_ir_result_analysis/data/images/image_0108.png,cat,0.8745,0.0499,0.0756
/mnt/d/dev_repos/dev_ir_result_analysis/data/images/image_0109.png,cat,0.8336,0.0813,0.0851
/mnt/d/dev_repos/dev_ir_result_analysis/data/images/image_0110.png,cat,0.8769,0.1176,0.0055
/mnt/d/dev_repos/dev_ir_result_analysis/data/images/image_0111.png,cat,0.8422,0.1459,0.0119
/mnt/d/dev_repos/dev_ir_result_analysis/data/images/image_0112.png,cat,0.8388,0.0895,0.0717
/mnt/d/dev_repos/dev_ir_result_analysis/data/images/image_0113.png,cat,0.8589,0.0149,0.1262
/mnt/d/dev_repos/dev_ir_result_analysis/data/images/image_0114.png,cat,0.8545,0.061,0.0845
/mnt/d/dev_repos/dev_ir_result_analysis/data/images/image_0115.png,cat,0.9759,0.0144,0.0097
/mnt/d/dev_repos/dev_ir_result_analysis/data/images/image_0116.png,cat,0.8073,0.155,0.0377
/mnt/d/dev_repos/dev_ir_result_analysis/data/images/image_0117.png,cat,0.7769,0.1751,0.048
/mnt/d/dev_repos/dev_ir_result_analysis/data/images/image_0118.png,cat,0.8658,0.0146,0.1196
/mnt/d/dev_repos/dev_ir_result_analysis/data/images/image_0119.png,cat,0.8135,0.1486,0.0379
/mnt/d/dev_repos/dev_ir_result_analysis/data/images/image_0120.png,cat,0.7426,0.1366,0.1208
/mnt/d/dev_repos/dev_ir_result_analysis/data/images/image_0121.png,cat,0.7968,0.1763,0.0269
/mnt/d/dev_repos/dev_ir_result_analysis/data/images/image_0122.png,cat,0.9605,0.0163,0.0232
/mnt/d/dev_repos/dev_ir_result_analysis/data/images/image_0123.png,cat,0.8061,0.1264,0.0675
/mnt/d/dev_repos/dev_ir_result_analysis/data/images/image_0124.png,cat,0.7621,0.108,0.1299
/mnt/d/dev_repos/dev_ir_result_analysis/data/images/image_0125.png,cat,0.9565,0.0103,0.0332
/mnt/d/dev_repos/dev_ir_result_analysis/data/images/image_0126.png,cat,0.7951,0.1673,0.0376
/mnt/d/dev_repos/dev_ir_result_analysis/data/images/image_0127.png,cat,0.99,0.0007,0.0093
/mnt/d/dev_repos/dev_ir_result_analysis/data/images/image_0128.png,cat,0.8316,0.0246,0.1438
/mnt/d/dev_repos/dev_ir_result_analysis/data/images/image_0129.png,cat,0.9365,0.0197,0.0438
/mnt/d/dev_repos/dev_ir_result_analysis/data/images/image_0130.png,cat,0.8378,0.1494,0.0128
/mnt/d/dev_repos/dev_ir_result_analysis/data/images/image_0131.png,cat,0.8718,0.0365,0.0917
/mnt/d/dev_repos/dev_ir_result_analysis/data/images/image_0132.png,cat,0.8433,0.0181,0.1386
/mnt/d/dev_repos/dev_ir_result_analysis/data/images/image_0133.png,cat,0.8381,0.009,0.1529
/mnt/d/dev_repos/dev_ir_result_analysis/data/images/image_0134.png,cat,0.8616,0.0074,0.131
/mnt/d/dev_repos/dev_ir_result_analysis/data/images/image_0135.png,cat,0.8735,0.0861,0.0404
/mnt/d/dev_repos/dev_ir_result_analysis/data/images/image_0136.png,cat,0.8578,0.0452,0.097
/mnt/d/dev_repos/dev_ir_result_analysis/data/images/image_0137.png,cat,0.8527,0.1289,0.0184
/mnt/d/dev_repos/dev_ir_result_analysis/data/images/image_0138.png,cat,0.8139,0.0081,0.178
/mnt/d/dev_repos/dev_ir_result_analysis/data/images/image_0139.png,cat,0.8452,0.0386,0.1162
/mnt/d/dev_repos/dev_ir_result_analysis/data/images/image_0140.png,cat,0.9287,0.0297,0.0416
/mnt/d/dev_repos/dev_ir_result_analysis/data/images/image_0141.png,cat,0.8118,0.0703,0.1179
/mnt/d/dev_repos/dev_ir_result_analysis/data/images/image_0142.png,cat,0.8631,0.0139,0.123
/mnt/d/dev_repos/dev_ir_result_analysis/data/images/image_0143.png,cat,0.9096,0.0047,0.0857
/mnt/d/dev_repos/dev_ir_result_analysis/data/images/image_0144.png,cat,0.874,0.0125,0.1135
/mnt/d/dev_repos/dev_ir_result_analysis/data/images/image_0145.png,cat,0.8964,0.0935,0.0101
/mnt/d/dev_repos/dev_ir_result_analysis/data/images/image_0146.png,cat,0.7945,0.1648,0.0407
/mnt/d/dev_repos/dev_ir_result_analysis/data/images/image_0147.png,cat,0.8632,0.0879,0.0489
/mnt/d/dev_repos/dev_ir_result_analysis/data/images/image_0148.png,cat,0.8354,0.0221,0.1425
/mnt/d/dev_repos/dev_ir_result_analysis/data/images/image_0149.png,cat,0.8374,0.0836,0.079
/mnt/d/dev_repos/dev_ir_result_analysis/data/images/image_0150.png,cat,0.9235,0.0354,0.0411
/mnt/d/dev_repos/dev_ir_result_analysis/data/images/image_0151.png,cat,0.8382,0.1035,0.0583
/mnt/d/dev_repos/dev_ir_result_analysis/data/images/image_0152.png,cat,0.8648,0.0189,0.1163
/mnt/d/dev_repos/dev_ir_result_analysis/data/images/image_0153.png,cat,0.7621,0.0992,0.1387
/mnt/d/dev_repos/dev_ir_result_analysis/data/images/image_0154.png,cat,0.9364,0.0234,0.0402
/mnt/d/dev_repos/dev_ir_result_analysis/data/images/image_0155.png,cat,0.8932,0.035,0.0718
/mnt/d/dev_repos/dev_ir_result_analysis/data/images/image_0156.png,cat,0.8469,0.105,0.0481
/mnt/d/dev_repos/dev_ir_result_analysis/data/images/image_0157.png,cat,0.8333,0.1582,0.0085
/mnt/d/dev_repos/dev_ir_result_analysis/data/images/image_0158.png,cat,0.8792,0.0581,0.0627
/mnt/d/dev_repos/dev_ir_result_analysis/data/images/image_0159.png,cat,0.9089,0.0488,0.0423
/mnt/d/dev_repos/dev_ir_result_analysis/data/images/image_0160.png,cat,0.9372,0.041,0.0218
/mnt/d/dev_repos/dev_ir_result_analysis/data/images/image_0161.png,cat,0.8914,0.0579,0.0507
/mnt/d/dev_repos/dev_ir_result_analysis/data/images/image_0162.png,cat,0.8533,0.0423,0.1044
/mnt/d/dev_repos/dev_ir_result_analysis/data/images/image_0163.png,cat,0.8995,0.0203,0.0802
/mnt/d/dev_repos/dev_ir_result_analysis/data/images/image_0164.png,cat,0.8892,0.0954,0.0154
/mnt/d/dev_repos/dev_ir_result_analysis/data/images/image_0165.png,cat,0.8535,0.09,0.0565
/mnt/d/dev_repos/dev_ir_result_analysis/data/images/image_0166.png,cat,0.8876,0.0816,0.0308
/mnt/d/dev_repos/dev_ir_result_analysis/data/images/image_0167.png,cat,0.8865,0.1062,0.0073
/mnt/d/dev_repos/dev_ir_result_analysis/data/images/image_0168.png,cat,0.8467,0.147,0.0063
/mnt/d/dev_repos/dev_ir_result_analysis/data/images/image_0169.png,cat,0.8241,0.1044,0.0715
/mnt/d/dev_repos/dev_ir_result_analysis/data/images/image_0170.png,cat,0.8819,0.0939,0.0242
/mnt/d/dev_repos/dev_ir_result_analysis/data/images/image_0171.png,cat,0.7993,0.0509,0.1498
/mnt/d/dev_repos/dev_ir_result_analysis/data/images/image_0172.png,cat,0.7892,0.02,0.1908
/mnt/d/dev_repos/dev_ir_result_analysis/data/images/image_0173.png,cat,0.8656,0.0759,0.0585
/mnt/d/dev_repos/dev_ir_result_analysis/data/images/image_0174.png,cat,0.8805,0.0557,0.0638
/mnt/d/dev_repos/dev_ir_result_analysis/data/images/image_0175.png,cat,0.8652,0.103,0.0318
/mnt/d/dev_repos/dev_ir_result_analysis/data/images/image_0176.png,cat,0.8707,0.0636,0.0657
/mnt/d/dev_repos/dev_ir_result_analysis/data/images/image_0177.png,cat,0.7468,0.2358,0.0174
/mnt/d/dev_repos/dev_ir_result_analysis/data/images/image_0178.png,cat,0.8796,0.0141,0.1063
/mnt/d/dev_repos/dev_ir_result_analysis/data/images/image_0179.png,cat,0.9238,0.0501,0.0261
/mnt/d/dev_repos/dev_ir_result_analysis/data/images/image_0180.png,cat,0.8923,0.0834,0.0243
/mnt/d/dev_repos/dev_ir_result_analysis/data/images/image_0181.png,cat,0.8907,0.0365,0.0728
/mnt/d/dev_repos/dev_ir_result_analysis/data/images/image_0182.png,cat,0.8616,0.1055,0.0329
/mnt/d/dev_repos/dev_ir_result_analysis/data/images/image_0183.png,cat,0.8635,0.0497,0.0868
/mnt/d/dev_repos/dev_ir_result_analysis/data/images/image_0184.png,cat,0.8426,0.0248,0.1326
/mnt/d/dev_repos/dev_ir_result_analysis/data/images/image_0185.png,cat,0.8691,0.1225,0.0084
/mnt/d/dev_repos/dev_ir_result_analysis/data/images/image_0186.png,cat,0.7971,0.0778,0.1251
/mnt/d/dev_repos/dev_ir_result_analysis/data/images/image_0187.png,cat,0.9241,0.042,0.0339
/mnt/d/dev_repos/dev_ir_result_analysis/data/images/image_0188.png,cat,0.8089,0.1491,0.042
/mnt/d/dev_repos/dev_ir_result_analysis/data/images/image_0189.png,cat,0.8922,0.0406,0.0672
/mnt/d/dev_repos/dev_ir_result_analysis/data/images/image_0190.png,cat,0.9164,0.06,0.0236
/mnt/d/dev_repos/dev_ir_result_analysis/data/images/image_0191.png,cat,0.8921,0.0128,0.0951
/mnt/d/dev_repos/dev_ir_result_analysis/data/images/image_0192.png,cat,0.9664,0.0214,0.0122
/mnt/d/dev_repos/dev_ir_result_analysis/data/images/image_0193.png,cat,0.7498,0.1472,0.103
/mnt/d/dev_repos/dev_ir_result_analysis/data/images/image_0194.png,cat,0.8271,0.0021,0.1708
/mnt/d/dev_repos/dev_ir_result_analysis/data/images/image_0195.png,cat,0.9154,0.0698,0.0148
/mnt/d/dev_repos/dev_ir_result_analysis/data/images/image_0196.png,cat,0.7874,0.0975,0.1151
/mnt/d/dev_repos/dev_ir_result_analysis/data/images/image_0197.png,cat,0.8103,0.0573,0.1324
/mnt/d/dev_repos/dev_ir_result_analysis/data/images/image_0198.png,cat,0.8762,0.0967,0.0271
/mnt/d/dev_repos/dev_ir_result_analysis/data/images/image_0199.png,cat,0.7793,0.22,0.0007
/mnt/d/dev_repos/dev_ir_result_analysis/data/images/image_0200.png,cat,0.8527,0.0418,0.1055
/mnt/d/dev_repos/dev_ir_result_analysis/data/images/image_0201.png,cat,0.873,0.0135,0.1135
/mnt/d/dev_repos/dev_ir_result_analysis/data/images/image_0202.png,cat,0.857,0.0129,0.1301
/mnt/d/dev_repos/dev_ir_result_analysis/data/images/image_0203.png,cat,0.8615,0.004,0.1345
/mnt/d/dev_repos/dev_ir_result_analysis/data/images/image_0204.png,cat,0.8148,0.0265,0.1587
/mnt/d/dev_repos/dev_ir_result_analysis/data/images/image_0205.png,cat,0.8598,0.0278,0.1124
/mnt/d/dev_repos/dev_ir_result_analysis/data/images/image_0206.png,cat,0.8303,0.1114,0.0583
/mnt/d/dev_repos/dev_ir_result_analysis/data/images/image_0207.png,cat,0.8367,0.0009,0.1624
/mnt/d/dev_repos/dev_ir_result_analysis/data/images/image_0208.png,cat,0.8914,0.0658,0.0428
/mnt/d/dev_repos/dev_ir_result_analysis/data/images/image_0209.png,cat,0.7852,0.0512,0.1636
/mnt/d/dev_repos/dev_ir_result_analysis/data/images/image_0210.png,cat,0.7333,0.0153,0.2514
/mnt/d/dev_repos/dev_ir_result_analysis/data/images/image_0211.png,cat,0.8875,0.1044,0.0081
/mnt/d/dev_repos/dev_ir_result_analysis/data/images/image_0212.png,cat,0.8599,0.0978,0.0423
/mnt/d/dev_repos/dev_ir_result_analysis/data/images/image_0213.png,cat,0.9163,0.0034,0.0803
/mnt/d/dev_repos/dev_ir_result_analysis/data/images/image_0214.png,cat,0.8116,0.0235,0.1649
/mnt/d/dev_repos/dev_ir_result_analysis/data/images/image_0215.png,cat,0.8451,0.1154,0.0395
/mnt/d/dev_repos/dev_ir_result_analysis/data/images/image_0216.png,cat,0.8547,0.1237,0.0216
/mnt/d/dev_repos/dev_ir_result_analysis/data/images/image_0217.png,cat,0.8203,0.132,0.0477
/mnt/d/dev_repos/dev_ir_result_analysis/data/images/image_0218.png,cat,0.8056,0.0526,0.1418
/mnt/d/dev_repos/dev_ir_result_analysis/data/images/image_0219.png,cat,0.8902,0.1076,0.0022
/mnt/d/dev_repos/dev_ir_result_analysis/data/images/image_0220.png,cat,0.7809,0.0119,0.2072
/mnt/d/dev_repos/dev_ir_result_analysis/data/images/image_0221.png,cat,0.7979,0.0086,0.1935
/mnt/d/dev_repos/dev_ir_result_analysis/data/images/image_0222.png,cat,0.8434,0.1111,0.0455
/mnt/d/dev_repos/dev_ir_result_analysis/data/images/image_0223.png,cat,0.8964,0.0095,0.0941
/mnt/d/dev_repos/dev_ir_result_analysis/data/images/image_0224.png,cat,0.8233,0.1732,0.0035
/mnt/d/dev_repos/dev_ir_result_analysis/data/images/image_0225.png,cat,0.8172,0.1433,0.0395
/mnt/d/dev_repos/dev_ir_result_analysis/data/images/image_0226.png,cat,0.8405,0.0913,0.0682
/mnt/d/dev_repos/dev_ir_result_analysis/data/images/image_0227.png,cat,0.8681,0.1248,0.0071
/mnt/d/dev_repos/dev_ir_result_analysis/data/images/image_0228.png,cat,0.8329,0.0966,0.0705
/mnt/d/dev_repos/dev_ir_result_analysis/data/images/image_0229.png,cat,0.9034,0.0627,0.0339
/mnt/d/dev_repos/dev_ir_result_analysis/data/images/image_0230.png,cat,0.9057,0.014,0.0803
/mnt/d/dev_repos/dev_ir_result_analysis/data/images/image_0231.png,cat,0.8434,0.0633,0.0933
/mnt/d/dev_repos/dev_ir_result_analysis/data/images/image_0232.png,cat,0.9475,0.0063,0.0462
/mnt/d/dev_repos/dev_ir_result_analysis/data/images/image_0233.png,cat,0.8535,0.0407,0.1058
/mnt/d/dev_repos/dev_ir_result_analysis/data/images/image_0234.png,cat,0.9038,0.0412,0.055
/mnt/d/dev_repos/dev_ir_result_analysis/data/images/image_0235.png,cat,0.8667,0.0846,0.0487
/mnt/d/dev_repos/dev_ir_result_analysis/data/images/image_0236.png,cat,0.8657,0.0549,0.0794
/mnt/d/dev_repos/dev_ir_result_analysis/data/images/image_0237.png,cat,0.7705,0.135,0.0945
/mnt/d/dev_repos/dev_ir_result_analysis/data/images/image_0238.png,cat,0.7942,0.0074,0.1984
/mnt/d/dev_repos/dev_ir_result_analysis/data/images/image_0239.png,cat,0.8353,0.0781,0.0866
/mnt/d/dev_repos/dev_ir_result_analysis/data/images/image_0240.png,cat,0.9053,0.0542,0.0405
/mnt/d/dev_repos/dev_ir_result_analysis/data/images/image_0241.png,cat,0.8674,0.0931,0.0395
/mnt/d/dev_repos/dev_ir_result_analysis/data/images/image_0242.png,cat,0.8358,0.1071,0.0571
/mnt/d/dev_repos/dev_ir_result_analysis/data/images/image_0243.png,cat,0.881,0.0937,0.0253
/mnt/d/dev_repos/dev_ir_result_analysis/data/images/image_0244.png,cat,0.9032,0.0418,0.055
/mnt/d/dev_repos/dev_ir_result_analysis/data/images/image_0245.png,cat,0.8503,0.054,0.0957
/mnt/d/dev_repos/dev_ir_result_analysis/data/images/image_0246.png,cat,0.8611,0.1023,0.0366
/mnt/d/dev_repos/dev_ir_result_analysis/data/images/image_0247.png,cat,0.8546,0.1339,0.0115
/mnt/d/dev_repos/dev_ir_result_analysis/data/images/image_0248.png,cat,0.8472,0.0795,0.0733
/mnt/d/dev_repos/dev_ir_result_analysis/data/images/image_0249.png,cat,0.811,0.0594,0.1296
/mnt/d/dev_repos/dev_ir_result_analysis/data/images/image_0250.png,cat,0.8074,0.0952,0.0974
/mnt/d/dev_repos/dev_ir_result_analysis/data/images/image_0251.png,cat,0.8806,0.0086,0.1108
/mnt/d/dev_repos/dev_ir_result_analysis/data/images/image_0252.png,cat,0.9043,0.0053,0.0904
/mnt/d/dev_repos/dev_ir_result_analysis/data/images/image_0253.png,cat,0.8357,0.0549,0.1094
/mnt/d/dev_repos/dev_ir_result_analysis/data/images/image_0254.png,cat,0.8346,0.0519,0.1135
/mnt/d/dev_repos/dev_ir_result_analysis/data/images/image_0255.png,cat,0.7585,0.0035,0.238
/mnt/d/dev_repos/dev_ir_result_analysis/data/images/image_0256.png,cat,0.7505,0.2137,0.0358
/mnt/d/dev_repos/dev_ir_result_analysis/data/images/image_0257.png,cat,0.9182,0.0126,0.0692
/mnt/d/dev_repos/dev_ir_result_analysis/data/images/image_0258.png,cat,0.814,0.0223,0.1637
/mnt/d/dev_repos/dev_ir_result_analysis/data/images/image_0259.png,cat,0.7018,0.2858,0.0124
/mnt/d/dev_repos/dev_ir_result_analysis/data/images/image_0260.png,cat,0.971,0.0224,0.0066
/mnt/d/dev_repos/dev_ir_result_analysis/data/images/image_0261.png,cat,0.822,0.1224,0.0556
/mnt/d/dev_repos/dev_ir_result_analysis/data/images/image_0262.png,cat,0.772,0.0884,0.1396
/mnt/d/dev_repos/dev_ir_result_analysis/data/images/image_0263.png,cat,0.8549,0.0016,0.1435
/mnt/d/dev_repos/dev_ir_result_analysis/data/images/image_0264.png,cat,0.8895,0.058,0.0525
/mnt/d/dev_repos/dev_ir_result_analysis/data/images/image_0265.png,cat,0.8835,0.0193,0.0972
/mnt/d/dev_repos/dev_ir_result_analysis/data/images/image_0266.png,cat,0.8949,0.104,0.0011
/mnt/d/dev_repos/dev_ir_result_analysis/data/images/image_0267.png,cat,0.8015,0.1666,0.0319
/mnt/d/dev_repos/dev_ir_result_analysis/data/images/image_0268.png,cat,0.9168,0.0118,0.0714
/mnt/d/dev_repos/dev_ir_result_analysis/data/images/image_0269.png,cat,0.9202,0.0313,0.0485
/mnt/d/dev_repos/dev_ir_result_analysis/data/images/image_0270.png,cat,0.9228,0.0583,0.0189
/mnt/d/dev_repos/dev_ir_result_analysis/data/images/image_0271.png,cat,0.863,0.0643,0.0727
/mnt/d/dev_repos/dev_ir_result_analysis/data/images/image_0272.png,cat,0.8319,0.0304,0.1377
/mnt/d/dev_repos/dev_ir_result_analysis/data/images/image_0273.png,cat,0.8276,0.0077,0.1647
/mnt/d/dev_repos/dev_ir_result_analysis/data/images/image_0274.png,cat,0.7717,0.0667,0.1616
/mnt/d/dev_repos/dev_ir_result_analysis/data/images/image_0275.png,cat,0.823,0.1038,0.0732
/mnt/d/dev_repos/dev_ir_result_analysis/data/images/image_0276.png,cat,0.7303,0.0227,0.247
/mnt/d/dev_repos/dev_ir_result_analysis/data/images/image_0277.png,cat,0.7656,0.1977,0.0367
/mnt/d/dev_repos/dev_ir_result_analysis/data/images/image_0278.png,cat,0.8624,0.0893,0.0483
/mnt/d/dev_repos/dev_ir_result_analysis/data/images/image_0279.png,cat,0.8373,0.1241,0.0386
/mnt/d/dev_repos/dev_ir_result_analysis/data/images/image_0280.png,cat,0.8601,0.0513,0.0886
/mnt/d/dev_repos/dev_ir_result_analysis/data/images/image_0281.png,cat,0.8853,0.0388,0.0759
/mnt/d/dev_repos/dev_ir_result_analysis/data/images/image_0282.png,cat,0.8692,0.0631,0.0677
/mnt/d/dev_repos/dev_ir_result_analysis/data/images/image_0283.png,cat,0.8648,0.1152,0.02
/mnt/d/dev_repos/dev_ir_result_analysis/data/images/image_0284.png,cat,0.8456,0.1404,0.014
/mnt/d/dev_repos/dev_ir_result_analysis/data/images/image_0285.png,cat,0.8123,0.1596,0.0281
/mnt/d/dev_repos/dev_ir_result_analysis/data/images/image_0286.png,cat,0.7877,0.1059,0.1064
/mnt/d/dev_repos/dev_ir_result_analysis/data/images/image_0287.png,cat,0.8244,0.0184,0.1572
/mnt/d/dev_repos/dev_ir_result_analysis/data/images/image_0288.png,cat,0.8465,0.1408,0.0127
/mnt/d/dev_repos/dev_ir_result_analysis/data/images/image_0289.png,cat,0.8525,0.0262,0.1213
/mnt/d/dev_repos/dev_ir_result_analysis/data/images/image_0290.png,cat,0.895,0.0201,0.0849
/mnt/d/dev_repos/dev_ir_result_analysis/data/images/image_0291.png,cat,0.842,0.1465,0.0115
/mnt/d/dev_repos/dev_ir_result_analysis/data/images/image_0292.png,cat,0.8774,0.0377,0.0849
/mnt/d/dev_repos/dev_ir_result_analysis/data/images/image_0293.png,cat,0.7776,0.0016,0.2208
/mnt/d/dev_repos/dev_ir_result_analysis/data/images/image_0294.png,cat,0.8631,0.0962,0.0407
/mnt/d/dev_repos/dev_ir_result_analysis/data/images/image_0295.png,cat,0.8594,0.138,0.0026
/mnt/d/dev_repos/dev_ir_result_analysis/data/images/image_0296.png,cat,0.9168,0.0397,0.0435
/mnt/d/dev_repos/dev_ir_result_analysis/data/images/image_0297.png,cat,0.8374,0.1469,0.0157
/mnt/d/dev_repos/dev_ir_result_analysis/data/images/image_0298.png,cat,0.7295,0.2605,0.01
/mnt/d/dev_repos/dev_ir_result_analysis/data/images/image_0299.png,cat,0.8353,0.1428,0.0219
/mnt/d/dev_repos/dev_ir_result_analysis/data/images/image_0300.png,dog,0.0837,0.8857,0.0306
/mnt/d/dev_repos/dev_ir_result_analysis/data/images/image_0301.png,dog,0.1155,0.7912,0.0933
/mnt/d/dev_repos/dev_ir_result_analysis/data/images/image_0302.png,dog,0.1341,0.8617,0.0042
/mnt/d/dev_repos/dev_ir_result_analysis/data/images/image_0303.png,dog,0.0609,0.7888,0.1503
/mnt/d/dev_repos/dev_ir_result_analysis/data/images/image_0304.png,dog,0.0442,0.9411,0.0147
/mnt/d/dev_repos/dev_ir_result_analysis/data/images/image_0305.png,dog,0.0212,0.8288,0.15
/mnt/d/dev_repos/dev_ir_result_analysis/data/images/image_0306.png,dog,0.1664,0.7859,0.0477
/mnt/d/dev_repos/dev_ir_result_analysis/data/images/image_0307.png,dog,0.1735,0.824,0.0025
/mnt/d/dev_repos/dev_ir_result_analysis/data/images/image_0308.png,dog,0.1349,0.8621,0.003
/mnt/d/dev_repos/dev_ir_result_analysis/data/images/image_0309.png,dog,0.0986,0.8758,0.0256
/mnt/d/dev_repos/dev_ir_result_analysis/data/images/image_0310.png,dog,0.0479,0.9137,0.0384
/mnt/d/dev_repos/dev_ir_result_analysis/data/images/image_0311.png,dog,0.1681,0.8182,0.0137
/mnt/d/dev_repos/dev_ir_result_analysis/data/images/image_0312.png,dog,0.0041,0.8882,0.1077
/mnt/d/dev_repos/dev_ir_result_analysis/data/images/image_0313.png,dog,0.0114,0.7657,0.2229
/mnt/d/dev_repos/dev_ir_result_analysis/data/images/image_0314.png,dog,0.1362,0.7983,0.0655
/mnt/d/dev_repos/dev_ir_result_analysis/data/images/image_0315.png,dog,0.1711,0.7789,0.05
/mnt/d/dev_repos/dev_ir_result_analysis/data/images/image_0316.png,dog,0.1407,0.8097,0.0496
/mnt/d/dev_repos/dev_ir_result_analysis/data/images/image_0317.png,dog,0.0056,0.8857,0.1087
/mnt/d/dev_repos/dev_ir_result_analysis/data/images/image_0318.png,dog,0.1124,0.8193,0.0683
/mnt/d/dev_repos/dev_ir_result_analysis/data/images/image_0319.png,dog,0.0008,0.8279,0.1713
/mnt/d/dev_repos/dev_ir_result_analysis/data/images/image_0320.png,dog,0.0925,0.8634,0.0441
/mnt/d/dev_repos/dev_ir_result_analysis/data/images/image_0321.png,dog,0.0507,0.8736,0.0757
/mnt/d/dev_repos/dev_ir_result_analysis/data/images/image_0322.png,dog,0.1146,0.8294,0.056
/mnt/d/dev_repos/dev_ir_result_analysis/data/images/image_0323.png,dog,0.1723,0.798,0.0297
/mnt/d/dev_repos/dev_ir_result_analysis/data/images/image_0324.png,dog,0.0593,0.9305,0.0102
/mnt/d/dev_repos/dev_ir_result_analysis/data/images/image_0325.png,dog,0.1005,0.8297,0.0698
/mnt/d/dev_repos/dev_ir_result_analysis/data/images/image_0326.png,dog,0.0455,0.8345,0.12
/mnt/d/dev_repos/dev_ir_result_analysis/data/images/image_0327.png,dog,0.0299,0.8405,0.1296
/mnt/d/dev_repos/dev_ir_result_analysis/data/images/image_0328.png,dog,0.0414,0.879,0.0796
/mnt/d/dev_repos/dev_ir_result_analysis/data/images/image_0329.png,dog,0.1814,0.7753,0.0433
/mnt/d/dev_repos/dev_ir_result_analysis/data/images/image_0330.png,dog,0.014,0.9527,0.0333
/mnt/d/dev_repos/dev_ir_result_analysis/data/images/image_0331.png,dog,0.0228,0.8332,0.144
/mnt/d/dev_repos/dev_ir_result_analysis/data/images/image_0332.png,dog,0.1189,0.8808,0.0003
/mnt/d/dev_repos/dev_ir_result_analysis/data/images/image_0333.png,dog,0.1271,0.7865,0.0864
/mnt/d/dev_repos/dev_ir_result_analysis/data/images/image_0334.png,dog,0.1298,0.8582,0.012
/mnt/d/dev_repos/dev_ir_result_analysis/data/images/image_0335.png,dog,0.0077,0.9424,0.0499
/mnt/d/dev_repos/dev_ir_result_analysis/data/images/image_0336.png,dog,0.0045,0.9334,0.0621
/mnt/d/dev_repos/dev_ir_result_analysis/data/images/image_0337.png,dog,0.0021,0.8794,0.1185
/mnt/d/dev_repos/dev_ir_result_analysis/data/images/image_0338.png,dog,0.1228,0.8065,0.0707
/mnt/d/dev_repos/dev_ir_result_analysis/data/images/image_0339.png,dog,0.0376,0.9106,0.0518
/mnt/d/dev_repos/dev_ir_result_analysis/data/images/image_0340.png,dog,0.1764,0.7654,0.0582
/mnt/d/dev_repos/dev_ir_result_analysis/data/images/image_0341.png,dog,0.0555,0.8049,0.1396
/mnt/d/dev_repos/dev_ir_result_analysis/data/images/image_0342.png,dog,0.0362,0.8459,0.1179
/mnt/d/dev_repos/dev_ir_result_analysis/data/images/image_0343.png,dog,0.2098,0.7692,0.021
/mnt/d/dev_repos/dev_ir_result_analysis/data/images/image_0344.png,dog,0.1307,0.8239,0.0454
/mnt/d/dev_repos/dev_ir_result_analysis/data/images/image_0345.png,dog,0.0724,0.8892,0.0384
/mnt/d/dev_repos/dev_ir_result_analysis/data/images/image_0346.png,dog,0.0448,0.8143,0.1409
/mnt/d/dev_repos/dev_ir_result_analysis/data/images/image_0347.png,dog,0.0168,0.8918,0.0914
/mnt/d/dev_repos/dev_ir_result_analysis/data/images/image_0348.png,dog,0.0173,0.9692,0.0135
/mnt/d/dev_repos/dev_ir_result_analysis/data/images/image_0349.png,dog,0.1024,0.8694,0.0282
/mnt/d/dev_repos/dev_ir_result_analysis/data/images/image_0350.png,dog,0.052,0.8908,0.0572
/mnt/d/dev_repos/dev_ir_result_analysis/data/images/image_0351.png,dog,0.059,0.9126,0.0284
/mnt/d/dev_repos/dev_ir_result_analysis/data/images/image_0352.png,dog,0.0318,0.8282,0.14
/mnt/d/dev_repos/dev_ir_result_analysis/data/images/image_0353.png,dog,0.0113,0.8895,0.0992
/mnt/d/dev_repos/dev_ir_result_analysis/data/images/image_0354.png,dog,0.1652,0.8271,0.0077
/mnt/d/dev_repos/dev_ir_result_analysis/data/images/image_0355.png,dog,0.0581,0.8658,0.0761
/mnt/d/dev_repos/dev_ir_result_analysis/data/images/image_0356.png,dog,0.0983,0.8976,0.0041
/mnt/d/dev_repos/dev_ir_result_analysis/data/images/image_0357.png,dog,0.0079,0.8086,0.1835
/mnt/d/dev_repos/dev_ir_result_analysis/data/images/image_0358.png,dog,0.0174,0.734,0.2486
/mnt/d/dev_repos/dev_ir_result_analysis/data/images/image_0359.png,dog,0.101,0.8043,0.0947
/mnt/d/dev_repos/dev_ir_result_analysis/data/images/image_0360.png,dog,0.0048,0.9057,0.0895
/mnt/d/dev_repos/dev_ir_result_analysis/data/images/image_0361.png,dog,0.0775,0.7985,0.124
/mnt/d/dev_repos/dev_ir_result_analysis/data/images/image_0362.png,dog,0.0681,0.9025,0.0294
/mnt/d/dev_repos/dev_ir_result_analysis/data/images/image_0363.png,dog,0.0591,0.8044,0.1365
/mnt/d/dev_repos/dev_ir_result_analysis/data/images/image_0364.png,dog,0.0671,0.8389,0.094
/mnt/d/dev_repos/dev_ir_result_analysis/data/images/image_0365.png,dog,0.0169,0.8493,0.1338
/mnt/d/dev_repos/dev_ir_result_analysis/data/images/image_0366.png,dog,0.0002,0.7983,0.2015
/mnt/d/dev_repos/dev_ir_result_analysis/data/images/image_0367.png,dog,0.0786,0.8394,0.082
/mnt/d/dev_repos/dev_ir_result_analysis/data/images/image_0368.png,dog,0.0984,0.7718,0.1298
/mnt/d/dev_repos/dev_ir_result_analysis/data/images/image_0369.png,dog,0.1409,0.8325,0.0266
/mnt/d/dev_repos/dev_ir_result_analysis/data/images/image_0370.png,dog,0.0499,0.8452,0.1049
/mnt/d/dev_repos/dev_ir_result_analysis/data/images/image_0371.png,dog,0.1267,0.736,0.1373
/mnt/d/dev_repos/dev_ir_result_analysis/data/images/image_0372.png,dog,0.0448,0.8038,0.1514
/mnt/d/dev_repos/dev_ir_result_analysis/data/images/image_0373.png,dog,0.1264,0.8641,0.0095
/mnt/d/dev_repos/dev_ir_result_analysis/data/images/image_0374.png,dog,0.0954,0.793,0.1116
/mnt/d/dev_repos/dev_ir_result_analysis/data/images/image_0375.png,dog,0.0192,0.8724,0.1084
/mnt/d/dev_repos/dev_ir_result_analysis/data/images/image_0376.png,dog,0.0169,0.8775,0.1056
/mnt/d/dev_repos/dev_ir_result_analysis/data/images/image_0377.png,dog,0.0013,0.8639,0.1348
/mnt/d/dev_repos/dev_ir_result_analysis/data/images/image_0378.png,dog,0.0035,0.8889,0.1076
/mnt/d/dev_repos/dev_ir_result_analysis/data/images/image_0379.png,dog,0.1433,0.769,0.0877
/mnt/d/dev_repos/dev_ir_result_analysis/data/images/image_0380.png,dog,0.0569,0.9001,0.043
/mnt/d/dev_repos/dev_ir_result_analysis/data/images/image_0381.png,dog,0.1708,0.7989,0.0303
/mnt/d/dev_repos/dev_ir_result_analysis/data/images/image_0382.png,dog,0.1238,0.8549,0.0213
/mnt/d/dev_repos/dev_ir_result_analysis/data/images/image_0383.png,dog,0.0098,0.9399,0.0503
/mnt/d/dev_repos/dev_ir_result_analysis/data/images/image_0384.png,dog,0.1442,0.8314,0.0244
/mnt/d/dev_repos/dev_ir_result_analysis/data/images/image_0385.png,dog,0.1373,0.8506,0.0121
/mnt/d/dev_repos/dev_ir_result_analysis/data/images/image_0386.png,dog,0.1211,0.7993,0.0796
/mnt/d/dev_repos/dev_ir_result_analysis/data/images/image_0387.png,dog,0.022,0.9392,0.0388
/mnt/d/dev_repos/dev_ir_result_analysis/data/images/image_0388.png,dog,0.0624,0.804,0.1336
/mnt/d/dev_repos/dev_ir_result_analysis/data/images/image_0389.png,dog,0.0709,0.882,0.0471
/mnt/d/dev_repos/dev_ir_result_analysis/data/images/image_0390.png,dog,0.0362,0.9125,0.0513
/mnt/d/dev_repos/dev_ir_result_analysis/data/images/image_0391.png,dog,0.0088,0.887,0.1042
/mnt/d/dev_repos/dev_ir_result_analysis/data/images/image_0392.png,dog,0.0461,0.867,0.0869
/mnt/d/dev_repos/dev_ir_result_analysis/data/images/image_0393.png,dog,0.0241,0.8542,0.1217
/mnt/d/dev_repos/dev_ir_result_analysis/data/images/image_0394.png,dog,0.1515,0.786,0.0625
/mnt/d/dev_repos/dev_ir_result_analysis/data/images/image_0395.png,dog,0.0202,0.9364,0.0434
/mnt/d/dev_repos/dev_ir_result_analysis/data/images/image_0396.png,dog,0.0815,0.8628,0.0557
/mnt/d/dev_repos/dev_ir_result_analysis/data/images/image_0397.png,dog,0.0215,0.8506,0.1279
/mnt/d/dev_repos/dev_ir_result_analysis/data/images/image_0398.png,dog,0.0354,0.7953,0.1693
/mnt/d/dev_repos/dev_ir_result_analysis/data/images/image_0399.png,dog,0.1458,0.853,0.0012
/mnt/d/dev_repos/dev_ir_result_analysis/data/images/image_0400.png,dog,0.0025,0.8475,0.15
/mnt/d/dev_repos/dev_ir_result_analysis/data/images/image_0401.png,dog,0.0351,0.9399,0.025
/mnt/d/dev_repos/dev_ir_result_analysis/data/images/image_0402.png,dog,0.1341,0.8506,0.0153
/mnt/d/dev_repos/dev_ir_result_analysis/data/images/image_0403.png,dog,0.0792,0.8523,0.0685
/mnt/d/dev_repos/dev_ir_result_analysis/data/images/image_0404.png,dog,0.0558,0.7958,0.1484
/mnt/d/dev_repos/dev_ir_result_analysis/data/images/image_0405.png,dog,0.1114,0.8127,0.0759
/mnt/d/dev_repos/dev_ir_result_analysis/data/images/image_0406.png,dog,0.0826,0.8755,0.0419
/mnt/d/dev_repos/dev_ir_result_analysis/data/images/image_0407.png,dog,0.0043,0.7607,0.235
/mnt/d/dev_repos/dev_ir_result_analysis/data/images/image_0408.png,dog,0.0232,0.8998,0.077
/mnt/d/dev_repos/dev_ir_result_analysis/data/images/image_0409.png,dog,0.025,0.9013,0.0737
/mnt/d/dev_repos/dev_ir_result_analysis/data/images/image_0410.png,dog,0.1064,0.8078,0.0858
/mnt/d/dev_repos/dev_ir_result_analysis/data/images/image_0411.png,dog,0.09,0.8672,0.0428
/mnt/d/dev_repos/dev_ir_result_analysis/data/images/image_0412.png,dog,0.0485,0.9144,0.0371
/mnt/d/dev_repos/dev_ir_result_analysis/data/images/image_0413.png,dog,0.154,0.8434,0.0026
/mnt/d/dev_repos/dev_ir_result_analysis/data/images/image_0414.png,dog,0.0854,0.834,0.0806
/mnt/d/dev_repos/dev_ir_result_analysis/data/images/image_0415.png,dog,0.1274,0.8399,0.0327
/mnt/d/dev_repos/dev_ir_result_analysis/data/images/image_0416.png,dog,0.056,0.8627,0.0813
/mnt/d/dev_repos/dev_ir_result_analysis/data/images/image_0417.png,dog,0.1614,0.8186,0.02
/mnt/d/dev_repos/dev_ir_result_analysis/data/images/image_0418.png,dog,0.1161,0.8299,0.054
/mnt/d/dev_repos/dev_ir_result_analysis/data/images/image_0419.png,dog,0.1311,0.8637,0.0052
/mnt/d/dev_repos/dev_ir_result_analysis/data/images/image_0420.png,dog,0.0347,0.826,0.1393
/mnt/d/dev_repos/dev_ir_result_analysis/data/images/image_0421.png,dog,0.0978,0.7919,0.1103
/mnt/d/dev_repos/dev_ir_result_analysis/data/images/image_0422.png,dog,0.2135,0.7569,0.0296
/mnt/d/dev_repos/dev_ir_result_analysis/data/images/image_0423.png,dog,0.0768,0.8515,0.0717
/mnt/d/dev_repos/dev_ir_result_analysis/data/images/image_0424.png,dog,0.0653,0.9107,0.024
/mnt/d/dev_repos/dev_ir_result_analysis/data/images/image_0425.png,dog,0.0742,0.8698,0.056
/mnt/d/dev_repos/dev_ir_result_analysis/data/images/image_0426.png,dog,0.1866,0.7936,0.0198
/mnt/d/dev_repos/dev_ir_result_analysis/data/images/image_0427.png,dog,0.1498,0.8123,0.0379
/mnt/d/dev_repos/dev_ir_result_analysis/data/images/image_0428.png,dog,0.034,0.8337,0.1323
/mnt/d/dev_repos/dev_ir_result_analysis/data/images/image_0429.png,dog,0.0013,0.9419,0.0568
/mnt/d/dev_repos/dev_ir_result_analysis/data/images/image_0430.png,dog,0.0206,0.9453,0.0341
/mnt/d/dev_repos/dev_ir_result_analysis/data/images/image_0431.png,dog,0.0553,0.9377,0.007
/mnt/d/dev_repos/dev_ir_result_analysis/data/images/image_0432.png,dog,0.0458,0.8565,0.0977
/mnt/d/dev_repos/dev_ir_result_analysis/data/images/image_0433.png,dog,0.0058,0.99,0.0042
/mnt/d/dev_repos/dev_ir_result_analysis/data/images/image_0434.png,dog,0.1115,0.8147,0.0738
/mnt/d/dev_repos/dev_ir_result_analysis/data/images/image_0435.png,dog,0.0786,0.8319,0.0895
/mnt/d/dev_repos/dev_ir_result_analysis/data/images/image_0436.png,dog,0.0394,0.8955,0.0651
/mnt/d/dev_repos/dev_ir_result_analysis/data/images/image_0437.png,dog,0.0178,0.864,0.1182
/mnt/d/dev_repos/dev_ir_result_analysis/data/images/image_0438.png,dog,0.0912,0.8668,0.042
/mnt/d/dev_repos/dev_ir_result_analysis/data/images/image_0439.png,dog,0.2357,0.7532,0.0111
/mnt/d/dev_repos/dev_ir_result_analysis/data/images/image_0440.png,dog,0.0197,0.8009,0.1794
/mnt/d/dev_repos/dev_ir_result_analysis/data/images/image_0441.png,dog,0.1347,0.8471,0.0182
/mnt/d/dev_repos/dev_ir_result_analysis/data/images/image_0442.png,dog,0.0373,0.8153,0.1474
/mnt/d/dev_repos/dev_ir_result_analysis/data/images/image_0443.png,dog,0.1133,0.7829,0.1038
/mnt/d/dev_repos/dev_ir_result_analysis/data/images/image_0444.png,dog,0.0465,0.8208,0.1327
/mnt/d/dev_repos/dev_ir_result_analysis/data/images/image_0445.png,dog,0.0655,0.864,0.0705
/mnt/d/dev_repos/dev_ir_result_analysis/data/images/image_0446.png,dog,0.0742,0.8863,0.0395
/mnt/d/dev_repos/dev_ir_result_analysis/data/images/image_0447.png,dog,0.0271,0.7554,0.2175
/mnt/d/dev_repos/dev_ir_result_analysis/data/images/image_0448.png,dog,0.0444,0.8494,0.1062
/mnt/d/dev_repos/dev_ir_result_analysis/data/images/image_0449.png,dog,0.136,0.8449,0.0191
/mnt/d/dev_repos/dev_ir_result_analysis/data/images/image_0450.png,dog,0.1366,0.8613,0.0021
/mnt/d/dev_repos/dev_ir_result_analysis/data/images/image_0451.png,dog,0.1959,0.7944,0.0097
/mnt/d/dev_repos/dev_ir_result_analysis/data/images/image_0452.png,dog,0.0282,0.7953,0.1765
/mnt/d/dev_repos/dev_ir_result_analysis/data/images/image_0453.png,dog,0.0485,0.9123,0.0392
/mnt/d/dev_repos/dev_ir_result_analysis/data/images/image_0454.png,dog,0.2327,0.7249,0.0424
/mnt/d/dev_repos/dev_ir_result_analysis/data/images/image_0455.png,dog,0.1039,0.8084,0.0877
/mnt/d/dev_repos/dev_ir_result_analysis/data/images/image_0456.png,dog,0.0432,0.8295,0.1273
/mnt/d/dev_repos/dev_ir_result_analysis/data/images/image_0457.png,dog,0.1411,0.8344,0.0245
/mnt/d/dev_repos/dev_ir_result_analysis/data/images/image_0458.png,dog,0.1351,0.8162,0.0487
/mnt/d/dev_repos/dev_ir_result_analysis/data/images/image_0459.png,dog,0.0468,0.8739,0.0793
/mnt/d/dev_repos/dev_ir_result_analysis/data/images/image_0460.png,dog,0.0992,0.8695,0.0313
/mnt/d/dev_repos/dev_ir_result_analysis/data/images/image_0461.png,dog,0.0325,0.8427,0.1248
/mnt/d/dev_repos/dev_ir_result_analysis/data/images/image_0462.png,dog,0.0219,0.8188,0.1593
/mnt/d/dev_repos/dev_ir_result_analysis/data/images/image_0463.png,dog,0.0162,0.8387,0.1451
/mnt/d/dev_repos/dev_ir_result_analysis/data/images/image_0464.png,dog,0.124,0.8535,0.0225
/mnt/d/dev_repos/dev_ir_result_analysis/data/images/image_0465.png,dog,0.0776,0.8124,0.11
/mnt/d/dev_repos/dev_ir_result_analysis/data/images/image_0466.png,dog,0.03,0.8778,0.0922
/mnt/d/dev_repos/dev_ir_result_analysis/data/images/image_0467.png,dog,0.0857,0.8993,0.015
/mnt/d/dev_repos/dev_ir_result_analysis/data/images/image_0468.png,dog,0.0415,0.9218,0.0367
/mnt/d/dev_repos/dev_ir_result_analysis/data/images/image_0469.png,dog,0.02,0.9182,0.0618
/mnt/d/dev_repos/dev_ir_result_analysis/data/images/image_0470.png,dog,0.1559,0.8341,0.01
/mnt/d/dev_repos/dev_ir_result_analysis/data/images/image_0471.png,dog,0.112,0.8559,0.0321
/mnt/d/dev_repos/dev_ir_result_analysis/data/images/image_0472.png,dog,0.0777,0.8417,0.0806
/mnt/d/dev_repos/dev_ir_result_analysis/data/images/image_0473.png,dog,0.085,0.8416,0.0734
/mnt/d/dev_repos/dev_ir_result_analysis/data/images/image_0474.png,dog,0.0213,0.8384,0.1403
/mnt/d/dev_repos/dev_ir_result_analysis/data/images/image_0475.png,dog,0.1426,0.8503,0.0071
/mnt/d/dev_repos/dev_ir_result_analysis/data/images/image_0476.png,dog,0.0874,0.9083,0.0043
/mnt/d/dev_repos/dev_ir_result_analysis/data/images/image_0477.png,dog,0.0746,0.8655,0.0599
/mnt/d/dev_repos/dev_ir_result_analysis/data/images/image_0478.png,dog,0.0525,0.7925,0.155
/mnt/d/dev_repos/dev_ir_result_analysis/data/images/image_0479.png,dog,0.0123,0.897,0.0907
/mnt/d/dev_repos/dev_ir_result_analysis/data/images/image_0480.png,dog,0.0448,0.8606,0.0946
/mnt/d/dev_repos/dev_ir_result_analysis/data/images/image_0481.png,dog,0.0583,0.8746,0.0671
/mnt/d/dev_repos/dev_ir_result_analysis/data/images/image_0482.png,dog,0.0721,0.8645,0.0634
/mnt/d/dev_repos/dev_ir_result_analysis/data/images/image_0483.png,dog,0.1317,0.8668,0.0015
/mnt/d/dev_repos/dev_ir_result_analysis/data/images/image_0484.png,dog,0.097,0.8692,0.0338
/mnt/d/dev_repos/dev_ir_result_analysis/data/images/image_0485.png,dog,0.0361,0.7638,0.2001
/mnt/d/dev_repos/dev_ir_result_analysis/data/images/image_0486.png,dog,0.0431,0.8738,0.0831
/mnt/d/dev_repos/dev_ir_result_analysis/data/images/image_0487.png,dog,0.0636,0.8143,0.1221
/mnt/d/dev_repos/dev_ir_result_analysis/data/images/image_0488.png,dog,0.1085,0.8258,0.0657
/mnt/d/dev_repos/dev_ir_result_analysis/data/images/image_0489.png,dog,0.1191,0.8499,0.031
/mnt/d/dev_repos/dev_ir_result_analysis/data/images/image_0490.png,dog,0.0639,0.9308,0.0053
/mnt/d/dev_repos/dev_ir_result_analysis/data/images/image_0491.png,dog,0.1279,0.7999,0.0722
/mnt/d/dev_repos/dev_ir_result_analysis/data/images/image_0492.png,dog,0.1508,0.8482,0.001
/mnt/d/dev_repos/dev_ir_result_analysis/data/images/image_0493.png,dog,0.0101,0.8372,0.1527
/mnt/d/dev_repos/dev_ir_result_analysis/data/images/image_0494.png,dog,0.0134,0.8962,0.0904
/mnt/d/dev_repos/dev_ir_result_analysis/data/images/image_0495.png,dog,0.1038,0.8358,0.0604
/mnt/d/dev_repos/dev_ir_result_analysis/data/images/image_0496.png,dog,0.128,0.8611,0.0109
/mnt/d/dev_repos/dev_ir_result_analysis/data/images/image_0497.png,dog,0.1452,0.8,0.0548
/mnt/d/dev_repos/dev_ir_result_analysis/data/images/image_0498.png,dog,0.0625,0.9053,0.0322
/mnt/d/dev_repos/dev_ir_result_analysis/data/images/image_0499.png,dog,0.1044,0.7792,0.1164
/mnt/d/dev_repos/dev_ir_result_analysis/data/images/image_0500.png,dog,0.0435,0.8731,0.0834
/mnt/d/dev_repos/dev_ir_result_analysis/data/images/image_0501.png,dog,0.0939,0.8615,0.0446
/mnt/d/dev_repos/dev_ir_result_analysis/data/images/image_0502.png,dog,0.0053,0.8687,0.126
/mnt/d/dev_repos/dev_ir_result_analysis/data/images/image_0503.png,dog,0.1965,0.7798,0.0237
/mnt/d/dev_repos/dev_ir_result_analysis/data/images/image_0504.png,dog,0.109,0.8349,0.0561
/mnt/d/dev_repos/dev_ir_result_analysis/data/images/image_0505.png,dog,0.1009,0.8935,0.0056
/mnt/d/dev_repos/dev_ir_result_analysis/data/images/image_0506.png,dog,0.0445,0.9397,0.0158
/mnt/d/dev_repos/dev_ir_result_analysis/data/images/image_0507.png,dog,0.0874,0.8445,0.0681
/mnt/d/dev_repos/dev_ir_result_analysis/data/images/image_0508.png,dog,0.0568,0.8884,0.0548
/mnt/d/dev_repos/dev_ir_result_analysis/data/images/image_0509.png,dog,0.0602,0.8565,0.0833
/mnt/d/dev_repos/dev_ir_result_analysis/data/images/image_0510.png,dog,0.0524,0.847,0.1006
/mnt/d/dev_repos/dev_ir_result_analysis/data/images/image_0511.png,dog,0.0751,0.8293,0.0956
/mnt/d/dev_repos/dev_ir_result_analysis/data/images/image_0512.png,dog,0.0137,0.8502,0.1361
/mnt/d/dev_repos/dev_ir_result_analysis/data/images/image_0513.png,dog,0.0764,0.8835,0.0401
/mnt/d/dev_repos/dev_ir_result_analysis/data/images/image_0514.png,dog,0.0022,0.8878,0.11
/mnt/d/dev_repos/dev_ir_result_analysis/data/images/image_0515.png,dog,0.0419,0.7882,0.1699
/mnt/d/dev_repos/dev_ir_result_analysis/data/images/image_0516.png,dog,0.1506,0.825,0.0244
/mnt/d/dev_repos/dev_ir_result_analysis/data/images/image_0517.png,dog,0.1351,0.7977,0.0672
/mnt/d/dev_repos/dev_ir_result_analysis/data/images/image_0518.png,dog,0.0406,0.8526,0.1068
/mnt/d/dev_repos/dev_ir_result_analysis/data/images/image_0519.png,dog,0.0473,0.8332,0.1195
/mnt/d/dev_repos/dev_ir_result_analysis/data/images/image_0520.png,dog,0.1211,0.867,0.0119
/mnt/d/dev_repos/dev_ir_result_analysis/data/images/image_0521.png,dog,0.0702,0.8705,0.0593
/mnt/d/dev_repos/dev_ir_result_analysis/data/images/image_0522.png,dog,0.2434,0.7446,0.012
/mnt/d/dev_repos/dev_ir_result_analysis/data/images/image_0523.png,dog,0.0661,0.741,0.1929
/mnt/d/dev_repos/dev_ir_result_analysis/data/images/image_0524.png,dog,0.0481,0.8498,0.1021
/mnt/d/dev_repos/dev_ir_result_analysis/data/images/image_0525.png,dog,0.0362,0.9094,0.0544
/mnt/d/dev_repos/dev_ir_result_analysis/data/images/image_0526.png,dog,0.0041,0.8249,0.171
/mnt/d/dev_repos/dev_ir_result_analysis/data/images/image_0527.png,dog,0.1544,0.8236,0.022
/mnt/d/dev_repos/dev_ir_result_analysis/data/images/image_0528.png,dog,0.0447,0.8993,0.056
/mnt/d/dev_repos/dev_ir_result_analysis/data/images/image_0529.png,dog,0.0937,0.8903,0.016
/mnt/d/dev_repos/dev_ir_result_analysis/data/images/image_0530.png,dog,0.1077,0.8022,0.0901
/mnt/d/dev_repos/dev_ir_result_analysis/data/images/image_0531.png,dog,0.0727,0.885,0.0423
/mnt/d/dev_repos/dev_ir_result_analysis/data/images/image_0532.png,dog,0.0459,0.8119,0.1422
/mnt/d/dev_repos/dev_ir_result_analysis/data/images/image_0533.png,dog,0.1634,0.8231,0.0135
/mnt/d/dev_repos/dev_ir_result_analysis/data/images/image_0534.png,dog,0.1935,0.8022,0.0043
/mnt/d/dev_repos/dev_ir_result_analysis/data/images/image_0535.png,dog,0.1622,0.7879,0.0499
/mnt/d/dev_repos/dev_ir_result_analysis/data/images/image_0536.png,dog,0.0695,0.8554,0.0751
/mnt/d/dev_repos/dev_ir_result_analysis/data/images/image_0537.png,dog,0.0526,0.7811,0.1663
/mnt/d/dev_repos/dev_ir_result_analysis/data/images/image_0538.png,dog,0.0412,0.8575,0.1013
/mnt/d/dev_repos/dev_ir_result_analysis/data/images/image_0539.png,dog,0.0844,0.8559,0.0597
/mnt/d/dev_repos/dev_ir_result_analysis/data/images/image_0540.png,dog,0.0345,0.8423,0.1232
/mnt/d/dev_repos/dev_ir_result_analysis/data/images/image_0541.png,dog,0.1487,0.8272,0.0241
/mnt/d/dev_repos/dev_ir_result_analysis/data/images/image_0542.png,dog,0.0014,0.8177,0.1809
/mnt/d/dev_repos/dev_ir_result_analysis/data/images/image_0543.png,dog,0.1624,0.7964,0.0412
/mnt/d/dev_repos/dev_ir_result_analysis/data/images/image_0544.png,dog,0.0108,0.9222,0.067
/mnt/d/dev_repos/dev_ir_result_analysis/data/images/image_0545.png,dog,0.0185,0.8402,0.1413
/mnt/d/dev_repos/dev_ir_result_analysis/data/images/image_0546.png,dog,0.1612,0.8386,0.0002
/mnt/d/dev_repos/dev_ir_result_analysis/data/images/image_0547.png,dog,0.0301,0.8044,0.1655
/mnt/d/dev_repos/dev_ir_result_analysis/data/images/image_0548.png,dog,0.0521,0.9159,0.032
/mnt/d/dev_repos/dev_ir_result_analysis/data/images/image_0549.png,dog,0.1759,0.8207,0.0034
/mnt/d/dev_repos/dev_ir_result_analysis/data/images/image_0550.png,dog,0.019,0.8622,0.1188
/mnt/d/dev_repos/dev_ir_result_analysis/data/images/image_0551.png,dog,0.0347,0.8717,0.0936
/mnt/d/dev_repos/dev_ir_result_analysis/data/images/image_0552.png,dog,0.0959,0.8555,0.0486
/mnt/d/dev_repos/dev_ir_result_analysis/data/images/image_0553.png,dog,0.1831,0.7801,0.0368
/mnt/d/dev_repos/dev_ir_result_analysis/data/images/image_0554.png,dog,0.0497,0.8827,0.0676
/mnt/d/dev_repos/dev_ir_result_analysis/data/images/image_0555.png,dog,0.09,0.8202,0.0898
/mnt/d/dev_repos/dev_ir_result_analysis/data/images/image_0556.png,dog,0.072,0.8897,0.0383
/mnt/d/dev_repos/dev_ir_result_analysis/data/images/image_0557.png,dog,0.1827,0.8172,0.0001
/mnt/d/dev_repos/dev_ir_result_analysis/data/images/image_0558.png,dog,0.0146,0.8466,0.1388
/mnt/d/dev_repos/dev_ir_result_analysis/data/images/image_0559.png,dog,0.1223,0.8748,0.0029
/mnt/d/dev_repos/dev_ir_result_analysis/data/images/image_0560.png,dog,0.0405,0.9121,0.0474
/mnt/d/dev_repos/dev_ir_result_analysis/data/images/image_0561.png,dog,0.0061,0.8807,0.1132
/mnt/d/dev_repos/dev_ir_result_analysis/data/images/image_0562.png,dog,0.0438,0.876,0.0802
/mnt/d/dev_repos/dev_ir_result_analysis/data/images/image_0563.png,dog,0.0957,0.885,0.0193
/mnt/d/dev_repos/dev_ir_result_analysis/data/images/image_0564.png,dog,0.0791,0.8102,0.1107
/mnt/d/dev_repos/dev_ir_result_analysis/data/images/image_0565.png,dog,0.0809,0.892,0.0271
/mnt/d/dev_repos/dev_ir_result_analysis/data/images/image_0566.png,dog,0.0804,0.8364,0.0832
/mnt/d/dev_repos/dev_ir_result_analysis/data/images/image_0567.png,dog,0.0233,0.838,0.1387
/mnt/d/dev_repos/dev_ir_result_analysis/data/images/image_0568.png,dog,0.014,0.854,0.132
/mnt/d/dev_repos/dev_ir_result_analysis/data/images/image_0569.png,dog,0.0897,0.832,0.0783
/mnt/d/dev_repos/dev_ir_result_analysis/data/images/image_0570.png,dog,0.0105,0.8006,0.1889
/mnt/d/dev_repos/dev_ir_result_analysis/data/images/image_0571.png,dog,0.0654,0.8501,0.0845
/mnt/d/dev_repos/dev_ir_result_analysis/data/images/image_0572.png,dog,0.0056,0.8382,0.1562
/mnt/d/dev_repos/dev_ir_result_analysis/data/images/image_0573.png,dog,0.1346,0.8365,0.0289
/mnt/d/dev_repos/dev_ir_result_analysis/data/images/image_0574.png,dog,0.0228,0.845,0.1322
/mnt/d/dev_repos/dev_ir_result_analysis/data/images/image_0575.png,dog,0.2098,0.7451,0.0451
/mnt/d/dev_repos/dev_ir_result_analysis/data/images/image_0576.png,dog,0.1337,0.8368,0.0295
/mnt/d/dev_repos/dev_ir_result_analysis/data/images/image_0577.png,dog,0.0319,0.9191,0.049
/mnt/d/dev_repos/dev_ir_result_analysis/data/images/image_0578.png,dog,0.022,0.9145,0.0635
/mnt/d/dev_repos/dev_ir_result_analysis/data/images/image_0579.png,dog,0.0747,0.8518,0.0735
/mnt/d/dev_repos/dev_ir_result_analysis/data/images/image_0580.png,dog,0.0696,0.8502,0.0802
/mnt/d/dev_repos/dev_ir_result_analysis/data/images/image_0581.png,dog,0.0583,0.734,0.2077
/mnt/d/dev_repos/dev_ir_result_analysis/data/images/image_0582.png,dog,0.1331,0.8229,0.044
/mnt/d/dev_repos/dev_ir_result_analysis/data/images/image_0583.png,dog,0.0099,0.8845,0.1056
/mnt/d/dev_repos/dev_ir_result_analysis/data/images/image_0584.png,dog,0.0297,0.8308,0.1395
/mnt/d/dev_repos/dev_ir_result_analysis/data/images/image_0585.png,dog,0.0392,0.9016,0.0592
/mnt/d/dev_repos/dev_ir_result_analysis/data/images/image_0586.png,dog,0.014,0.8981,0.0879
/mnt/d/dev_repos/dev_ir_result_analysis/data/images/image_0587.png,dog,0.0799,0.8219,0.0982
/mnt/d/dev_repos/dev_ir_result_analysis/data/images/image_0588.png,dog,0.1264,0.8556,0.018
/mnt/d/dev_repos/dev_ir_result_analysis/data/images/image_0589.png,dog,0.0666,0.9237,0.0097
/mnt/d/dev_repos/dev_ir_result_analysis/data/images/image_0590.png,dog,0.0488,0.7791,0.1721
/mnt/d/dev_repos/dev_ir_result_analysis/data/images/image_0591.png,dog,0.0486,0.8319,0.1195
/mnt/d/dev_repos/dev_ir_result_analysis/data/images/image_0592.png,dog,0.1277,0.7746,0.0977
/mnt/d/dev_repos/dev_ir_result_analysis/data/images/image_0593.png,dog,0.1599,0.807,0.0331
/mnt/d/dev_repos/dev_ir_result_analysis/data/images/image_0594.png,dog,0.0016,0.9401,0.0583
/mnt/d/dev_repos/dev_ir_result_analysis/data/images/image_0595.png,dog,0.1012,0.8318,0.067
/mnt/d/dev_repos/dev_ir_result_analysis/data/images/image_0596.png,dog,0.0639,0.7545,0.1816
/mnt/d/dev_repos/dev_ir_result_analysis/data/images/image_0597.png,dog,0.1515,0.8001,0.0484
/mnt/d/dev_repos/dev_ir_result_analysis/data/images/image_0598.png,dog,0.1291,0.77,0.1009
/mnt/d/dev_repos/dev_ir_result_analysis/data/images/image_0599.png,dog,0.0386,0.8574,0.104
/mnt/d/dev_repos/dev_ir_result_analysis/data/images/image_0600.png,bird,0.0406,0.0885,0.8709
/mnt/d/dev_repos/dev_ir_result_analysis/data/images/image_0601.png,bird,0.0726,0.0347,0.8927
/mnt/d/dev_repos/dev_ir_result_analysis/data/images/image_0602.png,bird,0.0001,0.1182,0.8817
/mnt/d/dev_repos/dev_ir_result_analysis/data/images/image_0603.png,bird,0.1957,0.0231,0.7812
/mnt/d/dev_repos/dev_ir_result_analysis/data/images/image_0604.png,bird,0.0227,0.1091,0.8682
/mnt/d/dev_repos/dev_ir_result_analysis/data/images/image_0605.png,bird,0.0738,0.0832,0.843
/mnt/d/dev_repos/dev_ir_result_analysis/data/images/image_0606.png,bird,0.0932,0.0064,0.9004
/mnt/d/dev_repos/dev_ir_result_analysis/data/images/image_0607.png,bird,0.0242,0.0883,0.8875
/mnt/d/dev_repos/dev_ir_result_analysis/data/images/image_0608.png,bird,0.0102,0.0418,0.948
/mnt/d/dev_repos/dev_ir_result_analysis/data/images/image_0609.png,bird,0.042,0.1543,0.8037
/mnt/d/dev_repos/dev_ir_result_analysis/data/images/image_0610.png,bird,0.042,0.1609,0.7971
/mnt/d/dev_repos/dev_ir_result_analysis/data/images/image_0611.png,bird,0.0307,0.1436,0.8257
/mnt/d/dev_repos/dev_ir_result_analysis/data/images/image_0612.png,bird,0.1334,0.0217,0.8449
/mnt/d/dev_repos/dev_ir_result_analysis/data/images/image_0613.png,bird,0.0663,0.1174,0.8163
/mnt/d/dev_repos/dev_ir_result_analysis/data/images/image_0614.png,bird,0.0693,0.1247,0.806
/mnt/d/dev_repos/dev_ir_result_analysis/data/images/image_0615.png,bird,0.0825,0.0526,0.8649
/mnt/d/dev_repos/dev_ir_result_analysis/data/images/image_0616.png,bird,0.155,0.0195,0.8255
/mnt/d/dev_repos/dev_ir_result_analysis/data/images/image_0617.png,bird,0.0185,0.1671,0.8144
/mnt/d/dev_repos/dev_ir_result_analysis/data/images/image_0618.png,bird,0.0252,0.1937,0.7811
/mnt/d/dev_repos/dev_ir_result_analysis/data/images/image_0619.png,bird,0.032,0.2305,0.7375
/mnt/d/dev_repos/dev_ir_result_analysis/data/images/image_0620.png,bird,0.0632,0.0206,0.9162
/mnt/d/dev_repos/dev_ir_result_analysis/data/images/image_0621.png,bird,0.045,0.0405,0.9145
/mnt/d/dev_repos/dev_ir_result_analysis/data/images/image_0622.png,bird,0.0049,0.106,0.8891
/mnt/d/dev_repos/dev_ir_result_analysis/data/images/image_0623.png,bird,0.0401,0.0837,0.8762
/mnt/d/dev_repos/dev_ir_result_analysis/data/images/image_0624.png,bird,0.1032,0.0757,0.8211
/mnt/d/dev_repos/dev_ir_result_analysis/data/images/image_0625.png,bird,0.0207,0.101,0.8783
/mnt/d/dev_repos/dev_ir_result_analysis/data/images/image_0626.png,bird,0.1028,0.1033,0.7939
/mnt/d/dev_repos/dev_ir_result_analysis/data/images/image_0627.png,bird,0.0579,0.0878,0.8543
/mnt/d/dev_repos/dev_ir_result_analysis/data/images/image_0628.png,bird,0.0243,0.1653,0.8104
/mnt/d/dev_repos/dev_ir_result_analysis/data/images/image_0629.png,bird,0.0235,0.098,0.8785
/mnt/d/dev_repos/dev_ir_result_analysis/data/images/image_0630.png,bird,0.0627,0.0097,0.9276
/mnt/d/dev_repos/dev_ir_result_analysis/data/images/image_0631.png,bird,0.0718,0.1283,0.7999
/mnt/d/dev_repos/dev_ir_result_analysis/data/images/image_0632.png,bird,0.0762,0.1004,0.8234
/mnt/d/dev_repos/dev_ir_result_analysis/data/images/image_0633.png,bird,0.1359,0.0107,0.8534
/mnt/d/dev_repos/dev_ir_result_analysis/data/images/image_0634.png,bird,0.0941,0.1463,0.7596
/mnt/d/dev_repos/dev_ir_result_analysis/data/images/image_0635.png,bird,0.1028,0.1251,0.7721
/mnt/d/dev_repos/dev_ir_result_analysis/data/images/image_0636.png,bird,0.0342,0.0399,0.9259
/mnt/d/dev_repos/dev_ir_result_analysis/data/images/image_0637.png,bird,0.0748,0.0601,0.8651
/mnt/d/dev_repos/dev_ir_result_analysis/data/images/image_0638.png,bird,0.0627,0.1187,0.8186
/mnt/d/dev_repos/dev_ir_result_analysis/data/images/image_0639.png,bird,0.0144,0.1375,0.8481
/mnt/d/dev_repos/dev_ir_result_analysis/data/images/image_0640.png,bird,0.1259,0.0482,0.8259
/mnt/d/dev_repos/dev_ir_result_analysis/data/images/image_0641.png,bird,0.0311,0.114,0.8549
/mnt/d/dev_repos/dev_ir_result_analysis/data/images/image_0642.png,bird,0.1302,0.0421,0.8277
/mnt/d/dev_repos/dev_ir_result_analysis/data/images/image_0643.png,bird,0.1288,0.027,0.8442
/mnt/d/dev_repos/dev_ir_result_analysis/data/images/image_0644.png,bird,0.0698,0.0471,0.8831
/mnt/d/dev_repos/dev_ir_result_analysis/data/images/image_0645.png,bird,0.0063,0.114,0.8797
/mnt/d/dev_repos/dev_ir_result_analysis/data/images/image_0646.png,bird,0.0304,0.0471,0.9225
/mnt/d/dev_repos/dev_ir_result_analysis/data/images/image_0647.png,bird,0.076,0.0553,0.8687
/mnt/d/dev_repos/dev_ir_result_analysis/data/images/image_0648.png,bird,0.0057,0.1431,0.8512
/mnt/d/dev_repos/dev_ir_result_analysis/data/images/image_0649.png,bird,0.0388,0.0302,0.931
/mnt/d/dev_repos/dev_ir_result_analysis/data/images/image_0650.png,bird,0.1196,0.0413,0.8391
/mnt/d/dev_repos/dev_ir_result_analysis/data/images/image_0651.png,bird,0.1283,0.1302,0.7415
/mnt/d/dev_repos/dev_ir_result_analysis/data/images/image_0652.png,bird,0.0006,0.1096,0.8898
/mnt/d/dev_repos/dev_ir_result_analysis/data/images/image_0653.png,bird,0.0455,0.092,0.8625
/mnt/d/dev_repos/dev_ir_result_analysis/data/images/image_0654.png,bird,0.0564,0.0948,0.8488
/mnt/d/dev_repos/dev_ir_result_analysis/data/images/image_0655.png,bird,0.0294,0.0794,0.8912
/mnt/d/dev_repos/dev_ir_result_analysis/data/images/image_0656.png,bird,0.1332,0.0387,0.8281
/mnt/d/dev_repos/dev_ir_result_analysis/data/images/image_0657.png,bird,0.1376,0.1189,0.7435
/mnt/d/dev_repos/dev_ir_result_analysis/data/images/image_0658.png,bird,0.1038,0.0039,0.8923
/mnt/d/dev_repos/dev_ir_result_analysis/data/images/image_0659.png,bird,0.0343,0.1487,0.817
/mnt/d/dev_repos/dev_ir_result_analysis/data/images/image_0660.png,bird,0.1741,0.0242,0.8017
/mnt/d/dev_repos/dev_ir_result_analysis/data/images/image_0661.png,bird,0.2062,0.0481,0.7457
/mnt/d/dev_repos/dev_ir_result_analysis/data/images/image_0662.png,bird,0.0634,0.0489,0.8877
/mnt/d/dev_repos/dev_ir_result_analysis/data/images/image_0663.png,bird,0.1664,0.1076,0.726
/mnt/d/dev_repos/dev_ir_result_analysis/data/images/image_0664.png,bird,0.0327,0.0557,0.9116
/mnt/d/dev_repos/dev_ir_result_analysis/data/images/image_0665.png,bird,0.0198,0.1476,0.8326
/mnt/d/dev_repos/dev_ir_result_analysis/data/images/image_0666.png,bird,0.092,0.0178,0.8902
/mnt/d/dev_repos/dev_ir_result_analysis/data/images/image_0667.png,bird,0.0394,0.0904,0.8702
/mnt/d/dev_repos/dev_ir_result_analysis/data/images/image_0668.png,bird,0.0014,0.0568,0.9418
/mnt/d/dev_repos/dev_ir_result_analysis/data/images/image_0669.png,bird,0.0608,0.0704,0.8688
/mnt/d/dev_repos/dev_ir_result_analysis/data/images/image_0670.png,bird,0.0148,0.0757,0.9095
/mnt/d/dev_repos/dev_ir_result_analysis/data/images/image_0671.png,bird,0.0671,0.111,0.8219
/mnt/d/dev_repos/dev_ir_result_analysis/data/images/image_0672.png,bird,0.0091,0.219,0.7719
/mnt/d/dev_repos/dev_ir_result_analysis/data/images/image_0673.png,bird,0.0531,0.0486,0.8983
/mnt/d/dev_repos/dev_ir_result_analysis/data/images/image_0674.png,bird,0.032,0.1974,0.7706
/mnt/d/dev_repos/dev_ir_result_analysis/data/images/image_0675.png,bird,0.0389,0.074,0.8871
/mnt/d/dev_repos/dev_ir_result_analysis/data/images/image_0676.png,bird,0.193,0.0107,0.7963
/mnt/d/dev_repos/dev_ir_result_analysis/data/images/image_0677.png,bird,0.1104,0.0261,0.8635
/mnt/d/dev_repos/dev_ir_result_analysis/data/images/image_0678.png,bird,0.0046,0.0524,0.943
/mnt/d/dev_repos/dev_ir_result_analysis/data/images/image_0679.png,bird,0.102,0.0151,0.8829
/mnt/d/dev_repos/dev_ir_result_analysis/data/images/image_0680.png,bird,0.0689,0.0917,0.8394
/mnt/d/dev_repos/dev_ir_result_analysis/data/images/image_0681.png,bird,0.0046,0.124,0.8714
/mnt/d/dev_repos/dev_ir_result_analysis/data/images/image_0682.png,bird,0.1752,0.0011,0.8237
/mnt/d/dev_repos/dev_ir_result_analysis/data/images/image_0683.png,bird,0.0014,0.0331,0.9655
/mnt/d/dev_repos/dev_ir_result_analysis/data/images/image_0684.png,bird,0.0563,0.1303,0.8134
/mnt/d/dev_repos/dev_ir_result_analysis/data/images/image_0685.png,bird,0.007,0.1484,0.8446
/mnt/d/dev_repos/dev_ir_result_analysis/data/images/image_0686.png,bird,0.1021,0.0198,0.8781
/mnt/d/dev_repos/dev_ir_result_analysis/data/images/image_0687.png,bird,0.1105,0.0219,0.8676
/mnt/d/dev_repos/dev_ir_result_analysis/data/images/image_0688.png,bird,0.0678,0.0589,0.8733
/mnt/d/dev_repos/dev_ir_result_analysis/data/images/image_0689.png,bird,0.0995,0.0759,0.8246
/mnt/d/dev_repos/dev_ir_result_analysis/data/images/image_0690.png,bird,0.0724,0.0903,0.8373
/mnt/d/dev_repos/dev_ir_result_analysis/data/images/image_0691.png,bird,0.1009,0.0033,0.8958
/mnt/d/dev_repos/dev_ir_result_analysis/data/images/image_0692.png,bird,0.0202,0.0867,0.8931
/mnt/d/dev_repos/dev_ir_result_analysis/data/images/image_0693.png,bird,0.1265,0.0047,0.8688
/mnt/d/dev_repos/dev_ir_result_analysis/data/images/image_0694.png,bird,0.0725,0.0111,0.9164
/mnt/d/dev_repos/dev_ir_result_analysis/data/images/image_0695.png,bird,0.0847,0.0173,0.898
/mnt/d/dev_repos/dev_ir_result_analysis/data/images/image_0696.png,bird,0.0914,0.0171,0.8915
/mnt/d/dev_repos/dev_ir_result_analysis/data/images/image_0697.png,bird,0.0292,0.201,0.7698
/mnt/d/dev_repos/dev_ir_result_analysis/data/images/image_0698.png,bird,0.0719,0.0599,0.8682
/mnt/d/dev_repos/dev_ir_result_analysis/data/images/image_0699.png,bird,0.1269,0.0143,0.8588
/mnt/d/dev_repos/dev_ir_result_analysis/data/images/image_0700.png,bird,0.0538,0.0225,0.9237
/mnt/d/dev_repos/dev_ir_result_analysis/data/images/image_0701.png,bird,0.1339,0.1595,0.7066
/mnt/d/dev_repos/dev_ir_result_analysis/data/images/image_0702.png,bird,0.0572,0.101,0.8418
/mnt/d/dev_repos/dev_ir_result_analysis/data/images/image_0703.png,bird,0.013,0.1323,0.8547
/mnt/d/dev_repos/dev_ir_result_analysis/data/images/image_0704.png,bird,0.1593,0.045,0.7957
/mnt/d/dev_repos/dev_ir_result_analysis/data/images/image_0705.png,bird,0.1822,0.0136,0.8042
/mnt/d/dev_repos/dev_ir_result_analysis/data/images/image_0706.png,bird,0.0027,0.0735,0.9238
/mnt/d/dev_repos/dev_ir_result_analysis/data/images/image_0707.png,bird,0.0261,0.1008,0.8731
/mnt/d/dev_repos/dev_ir_result_analysis/data/images/image_0708.png,bird,0.0124,0.0444,0.9432
/mnt/d/dev_repos/dev_ir_result_analysis/data/images/image_0709.png,bird,0.149,0.0102,0.8408
/mnt/d/dev_repos/dev_ir_result_analysis/data/images/image_0710.png,bird,0.0521,0.1684,0.7795
/mnt/d/dev_repos/dev_ir_result_analysis/data/images/image_0711.png,bird,0.0255,0.1407,0.8338
/mnt/d/dev_repos/dev_ir_result_analysis/data/images/image_0712.png,bird,0.0341,0.1405,0.8254
/mnt/d/dev_repos/dev_ir_result_analysis/data/images/image_0713.png,bird,0.1052,0.0101,0.8847
/mnt/d/dev_repos/dev_ir_result_analysis/data/images/image_0714.png,bird,0.0735,0.0439,0.8826
/mnt/d/dev_repos/dev_ir_result_analysis/data/images/image_0715.png,bird,0.0995,0.0248,0.8757
/mnt/d/dev_repos/dev_ir_result_analysis/data/images/image_0716.png,bird,0.0333,0.0052,0.9615
/mnt/d/dev_repos/dev_ir_result_analysis/data/images/image_0717.png,bird,0.0303,0.0567,0.913
/mnt/d/dev_repos/dev_ir_result_analysis/data/images/image_0718.png,bird,0.0435,0.1491,0.8074
/mnt/d/dev_repos/dev_ir_result_analysis/data/images/image_0719.png,bird,0.0948,0.0054,0.8998
/mnt/d/dev_repos/dev_ir_result_analysis/data/images/image_0720.png,bird,0.1145,0.0341,0.8514
/mnt/d/dev_repos/dev_ir_result_analysis/data/images/image_0721.png,bird,0.0293,0.1311,0.8396
/mnt/d/dev_repos/dev_ir_result_analysis/data/images/image_0722.png,bird,0.0522,0.0277,0.9201
/mnt/d/dev_repos/dev_ir_result_analysis/data/images/image_0723.png,bird,0.085,0.1105,0.8045
/mnt/d/dev_repos/dev_ir_result_analysis/data/images/image_0724.png,bird,0.075,0.0289,0.8961
/mnt/d/dev_repos/dev_ir_result_analysis/data/images/image_0725.png,bird,0.1056,0.0071,0.8873
/mnt/d/dev_repos/dev_ir_result_analysis/data/images/image_0726.png,bird,0.0211,0.1754,0.8035
/mnt/d/dev_repos/dev_ir_result_analysis/data/images/image_0727.png,bird,0.1204,0.1114,0.7682
/mnt/d/dev_repos/dev_ir_result_analysis/data/images/image_0728.png,bird,0.0673,0.0869,0.8458
/mnt/d/dev_repos/dev_ir_result_analysis/data/images/image_0729.png,bird,0.1448,0.153,0.7022
/mnt/d/dev_repos/dev_ir_result_analysis/data/images/image_0730.png,bird,0.0396,0.0543,0.9061
/mnt/d/dev_repos/dev_ir_result_analysis/data/images/image_0731.png,bird,0.0783,0.0537,0.868
/mnt/d/dev_repos/dev_ir_result_analysis/data/images/image_0732.png,bird,0.0498,0.0283,0.9219
/mnt/d/dev_repos/dev_ir_result_analysis/data/images/image_0733.png,bird,0.133,0.0025,0.8645
/mnt/d/dev_repos/dev_ir_result_analysis/data/images/image_0734.png,bird,0.0665,0.0077,0.9258
/mnt/d/dev_repos/dev_ir_result_analysis/data/images/image_0735.png,bird,0.0108,0.1688,0.8204
/mnt/d/dev_repos/dev_ir_result_analysis/data/images/image_0736.png,bird,0.0807,0.0438,0.8755
/mnt/d/dev_repos/dev_ir_result_analysis/data/images/image_0737.png,bird,0.0727,0.0971,0.8302
/mnt/d/dev_repos/dev_ir_result_analysis/data/images/image_0738.png,bird,0.1333,0.0224,0.8443
/mnt/d/dev_repos/dev_ir_result_analysis/data/images/image_0739.png,bird,0.0506,0.0949,0.8545
/mnt/d/dev_repos/dev_ir_result_analysis/data/images/image_0740.png,bird,0.0888,0.0434,0.8678
/mnt/d/dev_repos/dev_ir_result_analysis/data/images/image_0741.png,bird,0.0691,0.1172,0.8137
/mnt/d/dev_repos/dev_ir_result_analysis/data/images/image_0742.png,bird,0.1032,0.0239,0.8729
/mnt/d/dev_repos/dev_ir_result_analysis/data/images/image_0743.png,bird,0.109,0.039,0.852
/mnt/d/dev_repos/dev_ir_result_analysis/data/images/image_0744.png,bird,0.047,0.171,0.782
/mnt/d/dev_repos/dev_ir_result_analysis/data/images/image_0745.png,bird,0.0313,0.2071,0.7616
/mnt/d/dev_repos/dev_ir_result_analysis/data/images/image_0746.png,bird,0.0588,0.035,0.9062
/mnt/d/dev_repos/dev_ir_result_analysis/data/images/image_0747.png,bird,0.2353,0.0277,0.737
/mnt/d/dev_repos/dev_ir_result_analysis/data/images/image_0748.png,bird,0.0175,0.1406,0.8419
/mnt/d/dev_repos/dev_ir_result_analysis/data/images/image_0749.png,bird,0.0344,0.1884,0.7772
/mnt/d/dev_repos/dev_ir_result_analysis/data/images/image_0750.png,bird,0.0189,0.0459,0.9352
/mnt/d/dev_repos/dev_ir_result_analysis/data/images/image_0751.png,bird,0.1076,0.0143,0.8781
/mnt/d/dev_repos/dev_ir_result_analysis/data/images/image_0752.png,bird,0.0945,0.039,0.8665
/mnt/d/dev_repos/dev_ir_result_analysis/data/images/image_0753.png,bird,0.0681,0.1223,0.8096
/mnt/d/dev_repos/dev_ir_result_analysis/data/images/image_0754.png,bird,0.0322,0.1864,0.7814
/mnt/d/dev_repos/dev_ir_result_analysis/data/images/image_0755.png,bird,0.0435,0.0976,0.8589
/mnt/d/dev_repos/dev_ir_result_analysis/data/images/image_0756.png,bird,0.0832,0.068,0.8488
/mnt/d/dev_repos/dev_ir_result_analysis/data/images/image_0757.png,bird,0.0142,0.1893,0.7965
/mnt/d/dev_repos/dev_ir_result_analysis/data/images/image_0758.png,bird,0.1605,0.0447,0.7948
/mnt/d/dev_repos/dev_ir_result_analysis/data/images/image_0759.png,bird,0.1691,0.0384,0.7925
/mnt/d/dev_repos/dev_ir_result_analysis/data/images/image_0760.png,bird,0.1716,0.0375,0.7909
/mnt/d/dev_repos/dev_ir_result_analysis/data/images/image_0761.png,bird,0.0654,0.1158,0.8188
/mnt/d/dev_repos/dev_ir_result_analysis/data/images/image_0762.png,bird,0.0624,0.0711,0.8665
/mnt/d/dev_repos/dev_ir_result_analysis/data/images/image_0763.png,bird,0.0301,0.0949,0.875
/mnt/d/dev_repos/dev_ir_result_analysis/data/images/image_0764.png,bird,0.0478,0.1044,0.8478
/mnt/d/dev_repos/dev_ir_result_analysis/data/images/image_0765.png,bird,0.0188,0.1246,0.8566
/mnt/d/dev_repos/dev_ir_result_analysis/data/images/image_0766.png,bird,0.0371,0.0855,0.8774
/mnt/d/dev_repos/dev_ir_result_analysis/data/images/image_0767.png,bird,0.059,0.1909,0.7501
/mnt/d/dev_repos/dev_ir_result_analysis/data/images/image_0768.png,bird,0.1297,0.0098,0.8605
/mnt/d/dev_repos/dev_ir_result_analysis/data/images/image_0769.png,bird,0.0543,0.0301,0.9156
/mnt/d/dev_repos/dev_ir_result_analysis/data/images/image_0770.png,bird,0.2464,0.0003,0.7533
/mnt/d/dev_repos/dev_ir_result_analysis/data/images/image_0771.png,bird,0.2558,0.0317,0.7125
/mnt/d/dev_repos/dev_ir_result_analysis/data/images/image_0772.png,bird,0.1262,0.0332,0.8406
/mnt/d/dev_repos/dev_ir_result_analysis/data/images/image_0773.png,bird,0.0078,0.0883,0.9039
/mnt/d/dev_repos/dev_ir_result_analysis/data/images/image_0774.png,bird,0.0756,0.0829,0.8415
/mnt/d/dev_repos/dev_ir_result_analysis/data/images/image_0775.png,bird,0.0485,0.0706,0.8809
/mnt/d/dev_repos/dev_ir_result_analysis/data/images/image_0776.png,bird,0.0743,0.0602,0.8655
/mnt/d/dev_repos/dev_ir_result_analysis/data/images/image_0777.png,bird,0.0226,0.1856,0.7918
/mnt/d/dev_repos/dev_ir_result_analysis/data/images/image_0778.png,bird,0.157,0.041,0.802
/mnt/d/dev_repos/dev_ir_result_analysis/data/images/image_0779.png,bird,0.2332,0.0012,0.7656
/mnt/d/dev_repos/dev_ir_result_analysis/data/images/image_0780.png,bird,0.066,0.0082,0.9258
/mnt/d/dev_repos/dev_ir_result_analysis/data/images/image_0781.png,bird,0.0434,0.0646,0.892
/mnt/d/dev_repos/dev_ir_result_analysis/data/images/image_0782.png,bird,0.0941,0.0611,0.8448
/mnt/d/dev_repos/dev_ir_result_analysis/data/images/image_0783.png,bird,0.0558,0.1061,0.8381
/mnt/d/dev_repos/dev_ir_result_analysis/data/images/image_0784.png,bird,0.0563,0.1338,0.8099
/mnt/d/dev_repos/dev_ir_result_analysis/data/images/image_0785.png,bird,0.0254,0.1048,0.8698
/mnt/d/dev_repos/dev_ir_result_analysis/data/images/image_0786.png,bird,0.1768,0.0094,0.8138
/mnt/d/dev_repos/dev_ir_result_analysis/data/images/image_0787.png,bird,0.1404,0.0279,0.8317
/mnt/d/dev_repos/dev_ir_result_analysis/data/images/image_0788.png,bird,0.0348,0.1466,0.8186
/mnt/d/dev_repos/dev_ir_result_analysis/data/images/image_0789.png,bird,0.0905,0.0209,0.8886
/mnt/d/dev_repos/dev_ir_result_analysis/data/images/image_0790.png,bird,0.1437,0.0136,0.8427
/mnt/d/dev_repos/dev_ir_result_analysis/data/images/image_0791.png,bird,0.0969,0.0461,0.857
/mnt/d/dev_repos/dev_ir_result_analysis/data/images/image_0792.png,bird,0.0488,0.1586,0.7926
/mnt/d/dev_repos/dev_ir_result_analysis/data/images/image_0793.png,bird,0.1753,0.0064,0.8183
/mnt/d/dev_repos/dev_ir_result_analysis/data/images/image_0794.png,bird,0.061,0.0809,0.8581
/mnt/d/dev_repos/dev_ir_result_analysis/data/images/image_0795.png,bird,0.058,0.1713,0.7707
/mnt/d/dev_repos/dev_ir_result_analysis/data/images/image_0796.png,bird,0.1243,0.0367,0.839
/mnt/d/dev_repos/dev_ir_result_analysis/data/images/image_0797.png,bird,0.1258,0.0248,0.8494
/mnt/d/dev_repos/dev_ir_result_analysis/data/images/image_0798.png,bird,0.0009,0.2122,0.7869
/mnt/d/dev_repos/dev_ir_result_analysis/data/images/image_0799.png,bird,0.098,0.0006,0.9014
/mnt/d/dev_repos/dev_ir_result_analysis/data/images/image_0800.png,bird,0.0276,0.1051,0.8673
/mnt/d/dev_repos/dev_ir_result_analysis/data/images/image_0801.png,bird,0.1277,0.03,0.8423
/mnt/d/dev_repos/dev_ir_result_analysis/data/images/image_0802.png,bird,0.0732,0.112,0.8148
/mnt/d/dev_repos/dev_ir_result_analysis/data/images/image_0803.png,bird,0.0858,0.1452,0.769
/mnt/d/dev_repos/dev_ir_result_analysis/data/images/image_0804.png,bird,0.0201,0.0828,0.8971
/mnt/d/dev_repos/dev_ir_result_analysis/data/images/image_0805.png,bird,0.0828,0.0899,0.8273
/mnt/d/dev_repos/dev_ir_result_analysis/data/images/image_0806.png,bird,0.1416,0.0789,0.7795
/mnt/d/dev_repos/dev_ir_result_analysis/data/images/image_0807.png,bird,0.1833,0.0032,0.8135
/mnt/d/dev_repos/dev_ir_result_analysis/data/images/image_0808.png,bird,0.0514,0.076,0.8726
/mnt/d/dev_repos/dev_ir_result_analysis/data/images/image_0809.png,bird,0.0339,0.1041,0.862
/mnt/d/dev_repos/dev_ir_result_analysis/data/images/image_0810.png,bird,0.1535,0.0499,0.7966
/mnt/d/dev_repos/dev_ir_result_analysis/data/images/image_0811.png,bird,0.0437,0.0496,0.9067
/mnt/d/dev_repos/dev_ir_result_analysis/data/images/image_0812.png,bird,0.041,0.1801,0.7789
/mnt/d/dev_repos/dev_ir_result_analysis/data/images/image_0813.png,bird,0.0238,0.0583,0.9179
/mnt/d/dev_repos/dev_ir_result_analysis/data/images/image_0814.png,bird,0.1273,0.013,0.8597
/mnt/d/dev_repos/dev_ir_result_analysis/data/images/image_0815.png,bird,0.045,0.1242,0.8308
/mnt/d/dev_repos/dev_ir_result_analysis/data/images/image_0816.png,bird,0.0414,0.1212,0.8374
/mnt/d/dev_repos/dev_ir_result_analysis/data/images/image_0817.png,bird,0.1379,0.0082,0.8539
/mnt/d/dev_repos/dev_ir_result_analysis/data/images/image_0818.png,bird,0.0277,0.0957,0.8766
/mnt/d/dev_repos/dev_ir_result_analysis/data/images/image_0819.png,bird,0.0953,0.1435,0.7612
/mnt/d/dev_repos/dev_ir_result_analysis/data/images/image_0820.png,bird,0.0304,0.1576,0.812
/mnt/d/dev_repos/dev_ir_result_analysis/data/images/image_0821.png,bird,0.1156,0.0321,0.8523
/mnt/d/dev_repos/dev_ir_result_analysis/data/images/image_0822.png,bird,0.0837,0.0075,0.9088
/mnt/d/dev_repos/dev_ir_result_analysis/data/images/image_0823.png,bird,0.0792,0.0142,0.9066
/mnt/d/dev_repos/dev_ir_result_analysis/data/images/image_0824.png,bird,0.0036,0.0669,0.9295
/mnt/d/dev_repos/dev_ir_result_analysis/data/images/image_0825.png,bird,0.0294,0.0667,0.9039
/mnt/d/dev_repos/dev_ir_result_analysis/data/images/image_0826.png,bird,0.1456,0.046,0.8084
/mnt/d/dev_repos/dev_ir_result_analysis/data/images/image_0827.png,bird,0.1178,0.0331,0.8491
/mnt/d/dev_repos/dev_ir_result_analysis/data/images/image_0828.png,bird,0.0698,0.026,0.9042
/mnt/d/dev_repos/dev_ir_result_analysis/data/images/image_0829.png,bird,0.0888,0.0125,0.8987
/mnt/d/dev_repos/dev_ir_result_analysis/data/images/image_0830.png,bird,0.1193,0.0409,0.8398
/mnt/d/dev_repos/dev_ir_result_analysis/data/images/image_0831.png,bird,0.0936,0.0313,0.8751
/mnt/d/dev_repos/dev_ir_result_analysis/data/images/image_0832.png,bird,0.0204,0.1527,0.8269
/mnt/d/dev_repos/dev_ir_result_analysis/data/images/image_0833.png,bird,0.1129,0.1117,0.7754
/mnt/d/dev_repos/dev_ir_result_analysis/data/images/image_0834.png,bird,0.0909,0.0651,0.844
/mnt/d/dev_repos/dev_ir_result_analysis/data/images/image_0835.png,bird,0.1251,0.0339,0.841
/mnt/d/dev_repos/dev_ir_result_analysis/data/images/image_0836.png,bird,0.0433,0.1321,0.8246
/mnt/d/dev_repos/dev_ir_result_analysis/data/images/image_0837.png,bird,0.0835,0.0397,0.8768
/mnt/d/dev_repos/dev_ir_result_analysis/data/images/image_0838.png,bird,0.0305,0.1313,0.8382
/mnt/d/dev_repos/dev_ir_result_analysis/data/images/image_0839.png,bird,0.1254,0.0051,0.8695
/mnt/d/dev_repos/dev_ir_result_analysis/data/images/image_0840.png,bird,0.1032,0.0092,0.8876
/mnt/d/dev_repos/dev_ir_result_analysis/data/images/image_0841.png,bird,0.0108,0.0199,0.9693
/mnt/d/dev_repos/dev_ir_result_analysis/data/images/image_0842.png,bird,0.0735,0.0816,0.8449
/mnt/d/dev_repos/dev_ir_result_analysis/data/images/image_0843.png,bird,0.0085,0.0819,0.9096
/mnt/d/dev_repos/dev_ir_result_analysis/data/images/image_0844.png,bird,0.1215,0.0173,0.8612
/mnt/d/dev_repos/dev_ir_result_analysis/data/images/image_0845.png,bird,0.1071,0.0288,0.8641
/mnt/d/dev_repos/dev_ir_result_analysis/data/images/image_0846.png,bird,0.1514,0.0031,0.8455
/mnt/d/dev_repos/dev_ir_result_analysis/data/images/image_0847.png,bird,0.0432,0.1001,0.8567
/mnt/d/dev_repos/dev_ir_result_analysis/data/images/image_0848.png,bird,0.0544,0.107,0.8386
/mnt/d/dev_repos/dev_ir_result_analysis/data/images/image_0849.png,bird,0.0662,0.0343,0.8995
/mnt/d/dev_repos/dev_ir_result_analysis/data/images/image_0850.png,bird,0.0046,0.1817,0.8137
/mnt/d/dev_repos/dev_ir_result_analysis/data/images/image_0851.png,bird,0.1602,0.0648,0.775
/mnt/d/dev_repos/dev_ir_result_analysis/data/images/image_0852.png,bird,0.0877,0.0892,0.8231
/mnt/d/dev_repos/dev_ir_result_analysis/data/images/image_0853.png,bird,0.0634,0.1186,0.818
/mnt/d/dev_repos/dev_ir_result_analysis/data/images/image_0854.png,bird,0.0055,0.1715,0.823
/mnt/d/dev_repos/dev_ir_result_analysis/data/images/image_0855.png,bird,0.1485,0.0086,0.8429
/mnt/d/dev_repos/dev_ir_result_analysis/data/images/image_0856.png,bird,0.1325,0.0442,0.8233
/mnt/d/dev_repos/dev_ir_result_analysis/data/images/image_0857.png,bird,0.1367,0.021,0.8423
/mnt/d/dev_repos/dev_ir_result_analysis/data/images/image_0858.png,bird,0.0381,0.1385,0.8234
/mnt/d/dev_repos/dev_ir_result_analysis/data/images/image_0859.png,bird,0.1009,0.0286,0.8705
/mnt/d/dev_repos/dev_ir_result_analysis/data/images/image_0860.png,bird,0.0072,0.0241,0.9687
/mnt/d/dev_repos/dev_ir_result_analysis/data/images/image_0861.png,bird,0.134,0.0058,0.8602
/mnt/d/dev_repos/dev_ir_result_analysis/data/images/image_0862.png,bird,0.111,0.0637,0.8253
/mnt/d/dev_repos/dev_ir_result_analysis/data/images/image_0863.png,bird,0.1416,0.1247,0.7337
/mnt/d/dev_repos/dev_ir_result_analysis/data/images/image_0864.png,bird,0.0247,0.0302,0.9451
/mnt/d/dev_repos/dev_ir_result_analysis/data/images/image_0865.png,bird,0.0276,0.1094,0.863
/mnt/d/dev_repos/dev_ir_result_analysis/data/images/image_0866.png,bird,0.1284,0.0298,0.8418
/mnt/d/dev_repos/dev_ir_result_analysis/data/images/image_0867.png,bird,0.1526,0.1112,0.7362
/mnt/d/dev_repos/dev_ir_result_analysis/data/images/image_0868.png,bird,0.1514,0.0043,0.8443
/mnt/d/dev_repos/dev_ir_result_analysis/data/images/image_0869.png,bird,0.1324,0.0112,0.8564
/mnt/d/dev_repos/dev_ir_result_analysis/data/images/image_0870.png,bird,0.0298,0.1466,0.8236
/mnt/d/dev_repos/dev_ir_result_analysis/data/images/image_0871.png,bird,0.0195,0.1974,0.7831
/mnt/d/dev_repos/dev_ir_result_analysis/data/images/image_0872.png,bird,0.0157,0.2042,0.7801
/mnt/d/dev_repos/dev_ir_result_analysis/data/images/image_0873.png,bird,0.004,0.0499,0.9461
/mnt/d/dev_repos/dev_ir_result_analysis/data/images/image_0874.png,bird,0.1201,0.0251,0.8548
/mnt/d/dev_repos/dev_ir_result_analysis/data/images/image_0875.png,bird,0.1367,0.0398,0.8235
/mnt/d/dev_repos/dev_ir_result_analysis/data/images/image_0876.png,bird,0.1307,0.0175,0.8518
/mnt/d/dev_repos/dev_ir_result_analysis/data/images/image_0877.png,bird,0.0791,0.0724,0.8485
/mnt/d/dev_repos/dev_ir_result_analysis/data/images/image_0878.png,bird,0.0994,0.1227,0.7779
/mnt/d/dev_repos/dev_ir_result_analysis/data/images/image_0879.png,bird,0.0488,0.0555,0.8957
/mnt/d/dev_repos/dev_ir_result_analysis/data/images/image_0880.png,bird,0.127,0.0324,0.8406
/mnt/d/dev_repos/dev_ir_result_analysis/data/images/image_0881.png,bird,0.0222,0.1223,0.8555
/mnt/d/dev_repos/dev_ir_result_analysis/data/images/image_0882.png,bird,0.0641,0.012,0.9239
/mnt/d/dev_repos/dev_ir_result_analysis/data/images/image_0883.png,bird,0.1479,0.0677,0.7844
/mnt/d/dev_repos/dev_ir_result_analysis/data/images/image_0884.png,bird,0.0147,0.1741,0.8112
/mnt/d/dev_repos/dev_ir_result_analysis/data/images/image_0885.png,bird,0.0413,0.093,0.8657
/mnt/d/dev_repos/dev_ir_result_analysis/data/images/image_0886.png,bird,0.0726,0.0328,0.8946
/mnt/d/dev_repos/dev_ir_result_analysis/data/images/image_0887.png,bird,0.0534,0.1276,0.819
/mnt/d/dev_repos/dev_ir_result_analysis/data/images/image_0888.png,bird,0.0517,0.1266,0.8217
/mnt/d/dev_repos/dev_ir_result_analysis/data/images/image_0889.png,bird,0.0737,0.0448,0.8815
/mnt/d/dev_repos/dev_ir_result_analysis/data/images/image_0890.png,bird,0.0228,0.0138,0.9634
/mnt/d/dev_repos/dev_ir_result_analysis/data/images/image_0891.png,bird,0.1016,0.0449,0.8535
/mnt/d/dev_repos/dev_ir_result_analysis/data/images/image_0892.png,bird,0.1289,0.06,0.8111
/mnt/d/dev_repos/dev_ir_result_analysis/data/images/image_0893.png,bird,0.0906,0.1122,0.7972
/mnt/d/dev_repos/dev_ir_result_analysis/data/images/image_0894.png,bird,0.0136,0.1436,0.8428
/mnt/d/dev_repos/dev_ir_result_analysis/data/images/image_0895.png,bird,0.0476,0.0603,0.8921
/mnt/d/dev_repos/dev_ir_result_analysis/data/images/image_0896.png,bird,0.0024,0.0076,0.99
/mnt/d/dev_repos/dev_ir_result_analysis/data/images/image_0897.png,bird,0.0904,0.0752,0.8344
/mnt/d/dev_repos/dev_ir_result_analysis/data/images/image_0898.png,bird,0.0692,0.0772,0.8536
/mnt/d/dev_repos/dev_ir_result_analysis/data/images/image_0899.png,bird,0.0401,0.0246,0.9353
/mnt/d/dev_repos/dev_ir_result_analysis/data/images/image_0900.png,bird,0.0665,0.0687,0.8648
/mnt/d/dev_repos/dev_ir_result_analysis/data/images/image_0901.png,bird,0.084,0.0555,0.8605
/mnt/d/dev_repos/dev_ir_result_analysis/data/images/image_0902.png,bird,0.0055,0.0714,0.9231
/mnt/d/dev_repos/dev_ir_result_analysis/data/images/image_0903.png,bird,0.0699,0.0753,0.8548
/mnt/d/dev_repos/dev_ir_result_analysis/data/images/image_0904.png,bird,0.0983,0.1009,0.8008
/mnt/d/dev_repos/dev_ir_result_analysis/data/images/image_0905.png,bird,0.086,0.0034,0.9106
/mnt/d/dev_repos/dev_ir_result_analysis/data/images/image_0906.png,bird,0.0415,0.1881,0.7704
/mnt/d/dev_repos/dev_ir_result_analysis/data/images/image_0907.png,bird,0.0094,0.0898,0.9008
/mnt/d/dev_repos/dev_ir_result_analysis/data/images/image_0908.png,bird,0.065,0.0854,0.8496
/mnt/d/dev_repos/dev_ir_result_analysis/data/images/image_0909.png,bird,0.1211,0.044,0.8349
/mnt/d/dev_repos/dev_ir_result_analysis/data/images/image_0910.png,bird,0.0948,0.0715,0.8337
/mnt/d/dev_repos/dev_ir_result_analysis/data/images/image_0911.png,bird,0.1481,0.0093,0.8426
/mnt/d/dev_repos/dev_ir_result_analysis/data/images/image_0912.png,bird,0.1079,0.0643,0.8278
/mnt/d/dev_repos/dev_ir_result_analysis/data/images/image_0913.png,bird,0.082,0.0458,0.8722
/mnt/d/dev_repos/dev_ir_result_analysis/data/images/image_0914.png,bird,0.1295,0.041,0.8295
/mnt/d/dev_repos/dev_ir_result_analysis/data/images/image_0915.png,bird,0.2229,0.0232,0.7539
/mnt/d/dev_repos/dev_ir_result_analysis/data/images/image_0916.png,bird,0.1134,0.0366,0.85
/mnt/d/dev_repos/dev_ir_result_analysis/data/images/image_0917.png,bird,0.1018,0.0001,0.8981
/mnt/d/dev_repos/dev_ir_result_analysis/data/images/image_0918.png,bird,0.0713,0.1773,0.7514
/mnt/d/dev_repos/dev_ir_result_analysis/data/images/image_0919.png,bird,0.0395,0.1108,0.8497
/mnt/d/dev_repos/dev_ir_result_analysis/data/images/image_0920.png,bird,0.172,0.0011,0.8269
/mnt/d/dev_repos/dev_ir_result_analysis/data/images/image_0921.png,bird,0.0545,0.0489,0.8966
/mnt/d/dev_repos/dev_ir_result_analysis/data/images/image_0922.png,bird,0.1402,0.0228,0.837
/mnt/d/dev_repos/dev_ir_result_analysis/data/images/image_0923.png,bird,0.0227,0.0888,0.8885
/mnt/d/dev_repos/dev_ir_result_analysis/data/images/image_0924.png,bird,0.0981,0.0197,0.8822
/mnt/d/dev_repos/dev_ir_result_analysis/data/images/image_0925.png,bird,0.0512,0.0652,0.8836
/mnt/d/dev_repos/dev_ir_result_analysis/data/images/image_0926.png,bird,0.071,0.0011,0.9279
/mnt/d/dev_repos/dev_ir_result_analysis/data/images/image_0927.png,bird,0.1288,0.0325,0.8387
/mnt/d/dev_repos/dev_ir_result_analysis/data/images/image_0928.png,bird,0.0472,0.0999,0.8529
/mnt/d/dev_repos/dev_ir_result_analysis/data/images/image_0929.png,bird,0.0725,0.0568,0.8707
/mnt/d/dev_repos/dev_ir_result_analysis/data/images/image_0930.png,bird,0.0927,0.0529,0.8544
/mnt/d/dev_repos/dev_ir_result_analysis/data/images/image_0931.png,bird,0.1221,0.0409,0.837
/mnt/d/dev_repos/dev_ir_result_analysis/data/images/image_0932.png,bird,0.0645,0.1305,0.805
/mnt/d/dev_repos/dev_ir_result_analysis/data/images/image_0933.png,bird,0.0282,0.1212,0.8506
/mnt/d/dev_repos/dev_ir_result_analysis/data/images/image_0934.png,bird,0.1004,0.1245,0.7751
/mnt/d/dev_repos/dev_ir_result_analysis/data/images/image_0935.png,bird,0.1913,0.0606,0.7481
/mnt/d/dev_repos/dev_ir_result_analysis/data/images/image_0936.png,bird,0.0044,0.2016,0.794
/mnt/d/dev_repos/dev_ir_result_analysis/data/images/image_0937.png,bird,0.0207,0.0962,0.8831
/mnt/d/dev_repos/dev_ir_result_analysis/data/images/image_0938.png,bird,0.0381,0.1004,0.8615
/mnt/d/dev_repos/dev_ir_result_analysis/data/images/image_0939.png,bird,0.0064,0.11,0.8836
/mnt/d/dev_repos/dev_ir_result_analysis/data/images/image_0940.png,bird,0.004,0.1806,0.8154
/mnt/d/dev_repos/dev_ir_result_analysis/data/images/image_0941.png,bird,0.0152,0.0826,0.9022
/mnt/d/dev_repos/dev_ir_result_analysis/data/images/image_0942.png,bird,0.0978,0.1221,0.7801
/mnt/d/dev_repos/dev_ir_result_analysis/data/images/image_0943.png,bird,0.0147,0.1896,0.7957
/mnt/d/dev_repos/dev_ir_result_analysis/data/images/image_0944.png,bird,0.0882,0.0106,0.9012
/mnt/d/dev_repos/dev_ir_result_analysis/data/images/image_0945.png,bird,0.0254,0.1168,0.8578
/mnt/d/dev_repos/dev_ir_result_analysis/data/images/image_0946.png,bird,0.0638,0.0523,0.8839
/mnt/d/dev_repos/dev_ir_result_analysis/data/images/image_0947.png,bird,0.028,0.1102,0.8618
/mnt/d/dev_repos/dev_ir_result_analysis/data/images/image_0948.png,bird,0.1291,0.049,0.8219
/mnt/d/dev_repos/dev_ir_result_analysis/data/images/image_0949.png,bird,0.1999,0.0098,0.7903
/mnt/d/dev_repos/dev_ir_result_analysis/data/images/image_0950.png,bird,0.0725,0.1689,0.7586
/mnt/d/dev_repos/dev_ir_result_analysis/data/images/image_0951.png,bird,0.0214,0.0381,0.9405
/mnt/d/dev_repos/dev_ir_result_analysis/data/images/image_0952.png,bird,0.0106,0.2207,0.7687
/mnt/d/dev_repos/dev_ir_result_analysis/data/images/image_0953.png,bird,0.0561,0.0228,0.9211
/mnt/d/dev_repos/dev_ir_result_analysis/data/images/image_0954.png,bird,0.0636,0.0813,0.8551
/mnt/d/dev_repos/dev_ir_result_analysis/data/images/image_0955.png,bird,0.0834,0.0532,0.8634
/mnt/d/dev_repos/dev_ir_result_analysis/data/images/image_0956.png,bird,0.1135,0.0265,0.86
/mnt/d/dev_repos/dev_ir_result_analysis/data/images/image_0957.png,bird,0.0126,0.1102,0.8772
/mnt/d/dev_repos/dev_ir_result_analysis/data/images/image_0958.png,bird,0.1141,0.075,0.8109
/mnt/d/dev_repos/dev_ir_result_analysis/data/images/image_0959.png,bird,0.011,0.2468,0.7422
/mnt/d/dev_repos/dev_ir_result_analysis/data/images/image_0960.png,bird,0.0815,0.0976,0.8209
/mnt/d/dev_repos/dev_ir_result_analysis/data/images/image_0961.png,bird,0.0225,0.1049,0.8726
/mnt/d/dev_repos/dev_ir_result_analysis/data/images/image_0962.png,bird,0.1886,0.0151,0.7963
/mnt/d/dev_repos/dev_ir_result_analysis/data/images/image_0963.png,bird,0.0896,0.0068,0.9036
/mnt/d/dev_repos/dev_ir_result_analysis/data/images/image_0964.png,bird,0.1448,0.0117,0.8435
/mnt/d/dev_repos/dev_ir_result_analysis/data/images/image_0965.png,bird,0.0025,0.2055,0.792
/mnt/d/dev_repos/dev_ir_result_analysis/data/images/image_0966.png,bird,0.1384,0.0043,0.8573
/mnt/d/dev_repos/dev_ir_result_analysis/data/images/image_0967.png,bird,0.1245,0.0038,0.8717
/mnt/d/dev_repos/dev_ir_result_analysis/data/images/image_0968.png,bird,0.0097,0.1148,0.8755
/mnt/d/dev_repos/dev_ir_result_analysis/data/images/image_0969.png,bird,0.1816,0.1143,0.7041
/mnt/d/dev_repos/dev_ir_result_analysis/data/images/image_0970.png,bird,0.1262,0.1762,0.6976
/mnt/d/dev_repos/dev_ir_result_analysis/data/images/image_0971.png,bird,0.0152,0.0836,0.9012
/mnt/d/dev_repos/dev_ir_result_analysis/data/images/image_0972.png,bird,0.0168,0.2066,0.7766
/mnt/d/dev_repos/dev_ir_result_analysis/data/images/image_0973.png,bird,0.0838,0.0149,0.9013
/mnt/d/dev_repos/dev_ir_result_analysis/data/images/image_0974.png,bird,0.0477,0.0459,0.9064
/mnt/d/dev_repos/dev_ir_result_analysis/data/images/image_0975.png,bird,0.2032,0.0064,0.7904
/mnt/d/dev_repos/dev_ir_result_analysis/data/images/image_0976.png,bird,0.0741,0.1267,0.7992
/mnt/d/dev_repos/dev_ir_result_analysis/data/images/image_0977.png,bird,0.0249,0.0885,0.8866
/mnt/d/dev_repos/dev_ir_result_analysis/data/images/image_0978.png,bird,0.1604,0.0098,0.8298
/mnt/d/dev_repos/dev_ir_result_analysis/data/images/image_0979.png,bird,0.0184,0.067,0.9146
/mnt/d/dev_repos/dev_ir_result_analysis/data/images/image_0980.png,bird,0.0264,0.0434,0.9302
/mnt/d/dev_repos/dev_ir_result_analysis/data/images/image_0981.png,bird,0.0503,0.1578,0.7919
/mnt/d/dev_repos/dev_ir_result_analysis/data/images/image_0982.png,bird,0.1761,0.0139,0.81
/mnt/d/dev_repos/dev_ir_result_analysis/data/images/image_0983.png,bird,0.1007,0.0446,0.8547
/mnt/d/dev_repos/dev_ir_result_analysis/data/images/image_0984.png,bird,0.039,0.22,0.741
/mnt/d/dev_repos/dev_ir_result_analysis/data/images/image_0985.png,bird,0.1619,0.0782,0.7599
/mnt/d/dev_repos/dev_ir_result_analysis/data/images/image_0986.png,bird,0.0139,0.1815,0.8046
/mnt/d/dev_repos/dev_ir_result_analysis/data/images/image_0987.png,bird,0.0377,0.0123,0.95
/mnt/d/dev_repos/dev_ir_result_analysis/data/images/image_0988.png,bird,0.0461,0.0916,0.8623
/mnt/d/dev_repos/dev_ir_result_analysis/data/images/image_0989.png,bird,0.095,0.0877,0.8173
/mnt/d/dev_repos/dev_ir_result_analysis/data/images/image_0990.png,bird,0.0898,0.1114,0.7988
/mnt/d/dev_repos/dev_ir_result_analysis/data/images/image_0991.png,bird,0.1368,0.0734,0.7898
/mnt/d/dev_repos/dev_ir_result_analysis/data/images/image_0992.png,bird,0.1587,0.0206,0.8207
/mnt/d/dev_repos/dev_ir_result_analysis/data/images/image_0993.png,bird,0.0258,0.1562,0.818
/mnt/d/dev_repos/dev_ir_result_analysis/data/images/image_0994.png,bird,0.1112,0.0506,0.8382
/mnt/d/dev_repos/dev_ir_result_analysis/data/images/image_0995.png,bird,0.036,0.0897,0.8743
/mnt/d/dev_repos/dev_ir_result_analysis/data/images/image_0996.png,bird,0.0681,0.0863,0.8456
/mnt/d/dev_repos/dev_ir_result_analysis/data/images/image_0997.png,bird,0.0575,0.0527,0.8898
/mnt/d/dev_repos/dev_ir_result_analysis/data/images/image_0998.png,bird,0.0053,0.16,0.8347
/mnt/d/dev_repos/dev_ir_result_analysis/data/images/image_0999.png,bird,0.0244,0.0408,0.9348
